scenario_id,scenario_name,instance_id,num_ingredients,baseline_cost,baseline_gap,baseline_gap_percent,heuristic_cost,gurobi_cost,absolute_gap,relative_gap_percent,baseline_seconds,heuristic_seconds,gurobi_seconds
S1,Standard Operations,S1_Inst_001,11,24549.410000000003,2777.613000000005,12.757849065008301,21771.797000000006,21771.797,0.0,0.0,0.00014900002861395478,0.0029706000350415707,0.05192090000491589
S1,Standard Operations,S1_Inst_002,17,38012.21000000001,4653.943000000014,13.95139321835878,33358.26700000001,33358.26699999999,0.0,0.0,0.0003497999859973788,0.00342399999499321,0.04247009998653084
S1,Standard Operations,S1_Inst_003,20,41647.729999999996,5747.8399999999965,16.01074543682445,35899.89,35899.89,0.0,0.0,0.00019950000569224358,0.005581100005656481,0.04974670003866777
S1,Standard Operations,S1_Inst_004,10,23606.019999999997,2489.263999999999,11.788098512858697,21116.755999999998,21116.755999999998,0.0,0.0,0.0003579000476747751,0.0016839000163599849,0.057701700017787516
S1,Standard Operations,S1_Inst_005,16,29982.71,2805.5599999999977,10.323231096711751,27177.150000000005,27177.15,0.0,0.0,0.0001493000308983028,0.003117599990218878,0.03452300000935793
S1,Standard Operations,S1_Inst_006,11,23470.529999999995,2745.2419999999947,13.245856945389587,20725.287999999997,20725.288,0.0,0.0,0.00016240001423284411,0.001956899999640882,0.043702299997676164
S1,Standard Operations,S1_Inst_007,13,23581.620000000003,2758.1300000000047,13.24528213090123,20823.49,20823.489999999998,0.0,0.0,0.00046419998398050666,0.001941800001077354,0.037556399998720735
S1,Standard Operations,S1_Inst_008,15,39205.71,4310.469000000005,12.35259845318164,34895.24099999998,34895.240999999995,0.0,0.0,0.00013329996727406979,0.0021179000032134354,0.024992300022859126
S1,Standard Operations,S1_Inst_009,11,29910.86999999999,3790.5349999999926,14.511816176936449,26120.33499999999,26120.335,0.0,0.0,0.00012169999536126852,0.002071399998385459,0.025467799976468086
S1,Standard Operations,S1_Inst_010,20,45466.83000000001,5722.020000000011,14.396898613932263,39744.81000000001,39744.81,0.0,0.0,0.000340700033120811,0.003760000050533563,0.1092449999996461
S1,Standard Operations,S1_Inst_011,15,24664.400000000005,2522.1400000000067,11.390616856635262,22142.259999999995,22142.26,0.0,0.0,0.00012630003038793802,0.0031732000061310828,0.02104750002035871
S1,Standard Operations,S1_Inst_012,19,38305.21,4450.197,13.144868678679874,33855.01300000001,33855.013,0.0,0.0,0.00015549996169283986,0.0032704000477679074,0.041058699949644506
S1,Standard Operations,S1_Inst_013,19,46888.43000000001,4893.580000000016,11.652809808821837,41994.84999999999,41994.84999999999,0.0,0.0,0.00021719996584579349,0.004044000001158565,0.04872149997390807
S1,Standard Operations,S1_Inst_014,16,37980.90000000001,4787.552000000003,14.423227208053863,33193.348000000005,33193.348000000005,0.0,0.0,0.00015550001990050077,0.002901199972257018,0.04189960000803694
S1,Standard Operations,S1_Inst_015,12,23354.739999999998,2503.929,12.008784694274004,20850.810999999998,20850.810999999998,0.0,0.0,0.00010629999451339245,0.001798400015104562,0.015919099969323725
S1,Standard Operations,S1_Inst_016,15,39060.42999999999,4891.341999999997,14.31510843953458,34169.08800000001,34169.087999999996,0.0,0.0,0.00026970001636072993,0.0034465999924577773,0.029006200027652085
S1,Standard Operations,S1_Inst_017,14,31157.010000000002,3993.017,14.69966878580774,27163.993000000006,27163.993000000002,0.0,0.0,0.00012240000069141388,0.004083500010892749,0.018238999997265637
S1,Standard Operations,S1_Inst_018,16,32786.399999999994,3909.0559999999896,13.536757397079139,28877.344,28877.344000000005,0.0,0.0,0.00013749999925494194,0.002459599985741079,0.027527500002179295
S1,Standard Operations,S1_Inst_019,13,34564.149999999994,4119.483999999997,13.531053354305142,30444.666,30444.665999999997,0.0,0.0,0.00018450000789016485,0.0025424000341445208,0.02092039998387918
S1,Standard Operations,S1_Inst_020,13,30795.34,3658.227999999999,13.480535437964067,27137.112000000005,27137.112,0.0,0.0,0.00012859998969361186,0.0018810000037774444,0.021731899993028492
S1,Standard Operations,S1_Inst_021,14,35414.469999999994,4806.244999999999,15.70246232834475,30608.225000000006,30608.224999999995,0.0,0.0,0.00012049998622387648,0.0033499000128358603,0.020054000022355467
S1,Standard Operations,S1_Inst_022,19,46313.149999999994,5258.722999999998,12.80914966856071,41054.426999999996,41054.426999999996,0.0,0.0,0.00015889998758211732,0.003920499992091209,0.03193920000921935
S1,Standard Operations,S1_Inst_023,15,25861.38,3069.142,13.46573337817901,22792.23799999999,22792.238,0.0,0.0,0.00013880000915378332,0.0021519000292755663,0.029191599984187633
S1,Standard Operations,S1_Inst_024,12,27645.06,3113.8230000000003,12.6932979368305,24531.236999999994,24531.237,0.0,0.0,0.00010639999527484179,0.0018379000248387456,0.028438600013032556
S1,Standard Operations,S1_Inst_025,16,36998.189999999995,4150.949999999997,12.637134809499967,32847.24,32847.24,0.0,0.0,0.00013179995585232973,0.002363300009164959,0.03375509998295456
S1,Standard Operations,S1_Inst_026,20,39563.73,4600.231000000007,13.157238639073302,34963.499,34963.498999999996,0.0,0.0,0.00016270001651719213,0.0028983000083826482,0.027502699987962842
S1,Standard Operations,S1_Inst_027,10,19647.980000000007,2115.7320000000072,12.067659549420059,17532.248,17532.248,0.0,0.0,8.929998148232698e-05,0.0018285000114701688,0.013810999982524663
S1,Standard Operations,S1_Inst_028,10,26290.809999999994,2992.671999999995,12.845112343312564,23298.137999999995,23298.138,0.0,0.0,9.209994459524751e-05,0.001405100047122687,0.011526199989020824
S1,Standard Operations,S1_Inst_029,18,38058.29,5206.703000000001,15.849167347683998,32851.586999999985,32851.587,0.0,0.0,0.00031450000824406743,0.003348300000652671,0.01982960000168532
S1,Standard Operations,S1_Inst_030,20,40423.70000000001,5268.322000000015,14.98582094608687,35155.37800000001,35155.378,0.0,0.0,0.00016729999333620071,0.003479900013189763,0.03415099997073412
S1,Standard Operations,S1_Inst_031,14,33304.56999999999,3824.688999999991,12.973895654463433,29479.881000000005,29479.881,0.0,0.0,0.00012799998512491584,0.0023465999984182417,0.02044930000556633
S1,Standard Operations,S1_Inst_032,15,36719.75,4297.551999999996,13.25496809315641,32422.197999999997,32422.198000000004,0.0,0.0,0.00012860004790127277,0.003856399969663471,0.018301400006748736
S1,Standard Operations,S1_Inst_033,18,33931.19999999999,4262.601999999984,14.367386015341824,29668.597999999994,29668.598000000005,0.0,0.0,0.00014910002937540412,0.0026846000109799206,0.0242747999727726
S1,Standard Operations,S1_Inst_034,16,38259.090000000004,4600.716,13.668859939579969,33658.373999999996,33658.374,0.0,0.0,0.00015839998377487063,0.0037142999935895205,0.034150200022850186
S1,Standard Operations,S1_Inst_035,12,20816.42,2778.786,15.405490542717523,18037.634000000002,18037.634,0.0,0.0,0.00010979996295645833,0.0018216000171378255,0.019153399975039065
S1,Standard Operations,S1_Inst_036,17,43167.59000000001,5886.360000000008,15.789071336970393,37281.229999999996,37281.23,0.0,0.0,0.00014159997226670384,0.002535599982365966,0.023193500004708767
S1,Standard Operations,S1_Inst_037,13,42571.92000000001,5677.130000000012,15.387348728641664,36894.79,36894.79,0.0,0.0,0.00011819996871054173,0.0023586999741382897,0.017851300013717264
S1,Standard Operations,S1_Inst_038,12,30567.600000000002,4199.5459999999985,15.926643657510706,26368.054000000004,26368.054000000004,0.0,0.0,0.00010579999070614576,0.002250000019557774,0.03166579996468499
S1,Standard Operations,S1_Inst_039,12,33906,4199.044000000002,14.134884772441856,29706.955999999995,29706.956,0.0,0.0,0.0001086000120267272,0.0017798999906517565,0.015418599999975413
S1,Standard Operations,S1_Inst_040,20,38335.40000000001,4765.558000000012,14.195950043494431,33569.842000000004,33569.842,0.0,0.0,0.00023770000552758574,0.0030206000083126128,0.021977399999741465
S1,Standard Operations,S1_Inst_041,20,58397.22000000001,7930.330000000009,15.713926497154883,50466.89000000003,50466.89,0.0,0.0,0.00045039999531582,0.0030248999828472733,0.036153400025796145
S1,Standard Operations,S1_Inst_042,16,30624.28,3339.1020000000026,12.23778712383699,27285.17799999998,27285.177999999996,0.0,0.0,0.00013649999164044857,0.002495399967301637,0.034286600013729185
S1,Standard Operations,S1_Inst_043,20,48737.299999999996,6431.471999999994,15.202330988534237,42305.827999999994,42305.828,0.0,0.0,0.00018169998656958342,0.003228899964597076,0.02098380000097677
S1,Standard Operations,S1_Inst_044,13,27314.739999999998,3417.157999999996,14.29917888763807,23897.582000000002,23897.582000000002,0.0,0.0,0.00019509997218847275,0.0016604000120423734,0.018729300005361438
S1,Standard Operations,S1_Inst_045,11,29850.41,2758.3089999999975,10.181229576842332,27092.10099999999,27092.101000000002,0.0,0.0,0.00010950001887977123,0.001355100015643984,0.021511800005100667
S1,Standard Operations,S1_Inst_046,20,32225.030000000002,3815.8940000000002,13.431925560847748,28409.135999999995,28409.136000000002,0.0,0.0,0.0002117999829351902,0.0029217000119388103,0.025800100003834814
S1,Standard Operations,S1_Inst_047,20,49599.659999999996,6122.4130000000005,14.081878275319504,43477.246999999996,43477.246999999996,0.0,0.0,0.00018259999342262745,0.0034755999804474413,0.027959899976849556
S1,Standard Operations,S1_Inst_048,20,44983.15000000002,5485.639000000025,13.888568826526878,39497.511,39497.511,0.0,0.0,0.0001705000177025795,0.003370499995071441,0.02941409999039024
S1,Standard Operations,S1_Inst_049,15,23572.439999999995,2247.805999999993,10.540889001893271,21324.634000000002,21324.634000000002,0.0,0.0,0.00012260000221431255,0.0022343999589793384,0.023364500026218593
S1,Standard Operations,S1_Inst_050,18,41961.64,5418.309000000001,14.827080213350014,36543.33100000001,36543.331,0.0,0.0,0.00015430001076310873,0.0042687999666668475,0.044093300006352365
S1,Standard Operations,S1_Inst_051,11,27567.96,3310.6169999999947,13.64789622672192,24257.343000000004,24257.343000000004,0.0,0.0,9.779998799785972e-05,0.0017472000326961279,0.027087499969638884
S1,Standard Operations,S1_Inst_052,20,45403.34,5865.6570000000065,14.835611383701993,39537.683000000005,39537.68299999999,0.0,0.0,0.00017450004816055298,0.0029383000219240785,0.04122229997301474
S1,Standard Operations,S1_Inst_053,13,34029.55,4474.223000000002,15.13846556324686,29555.327000000005,29555.327,0.0,0.0,0.00011099997209385037,0.001947999990079552,0.023184799996670336
S1,Standard Operations,S1_Inst_054,19,40445.72000000001,5279.44000000001,15.012790661963704,35166.280000000006,35166.28,0.0,0.0,0.00015440001152455807,0.0029457000200636685,0.028287299966905266
S1,Standard Operations,S1_Inst_055,18,35658.850000000006,4394.817000000003,14.057101974015964,31264.033000000003,31264.033000000003,0.0,0.0,0.00014480005484074354,0.0028659000527113676,0.03261099994415417
S1,Standard Operations,S1_Inst_056,12,16584.819999999996,2082.4299999999985,14.359219411421142,14502.390000000003,14502.389999999998,0.0,0.0,0.00012250000145286322,0.0014965999871492386,0.014312900020740926
S1,Standard Operations,S1_Inst_057,19,63674.82000000001,8714.48000000001,15.855942667021367,54960.33999999999,54960.34,0.0,0.0,0.00015279999934136868,0.0031899999594315886,0.03339950001100078
S1,Standard Operations,S1_Inst_058,18,45401.560000000005,5094.650000000009,12.639644170193174,40306.90999999999,40306.909999999996,0.0,0.0,0.00014459999511018395,0.0033642000053077936,0.022258399985730648
S1,Standard Operations,S1_Inst_059,17,36117.69,4249.881000000005,13.335968594514938,31867.80899999999,31867.808999999997,0.0,0.0,0.00014760001795366406,0.002570500015281141,0.028233099961653352
S1,Standard Operations,S1_Inst_060,14,36855.16,5272.477999999999,16.694206020881946,31582.681999999993,31582.682000000004,0.0,0.0,0.0001202999847009778,0.0024523999891243875,0.01780770003097132
S1,Standard Operations,S1_Inst_061,20,46120.73,6331.631999999998,15.912981993208284,39789.098,39789.098000000005,0.0,0.0,0.0001626000157557428,0.0034703999990597367,0.057716800016351044
S1,Standard Operations,S1_Inst_062,18,34291.43999999999,3829.7159999999894,12.572223423730023,30461.724000000013,30461.724,0.0,0.0,0.00015400000847876072,0.003613899985793978,0.039124200004152954
S1,Standard Operations,S1_Inst_063,11,25672.569999999996,2761.9929999999913,12.05553661961456,22910.576999999997,22910.577000000005,0.0,0.0,0.00010110001312568784,0.002570300013758242,0.01940290001221001
S1,Standard Operations,S1_Inst_064,19,43025.69,5501.272999999994,14.660515578429886,37524.41700000001,37524.41700000001,0.0,0.0,0.0002204999909736216,0.003252199967391789,0.024389500031247735
S1,Standard Operations,S1_Inst_065,11,23309.040000000008,2488.940000000006,11.95450550189483,20820.100000000002,20820.100000000002,0.0,0.0,9.769998723641038e-05,0.0021463000448420644,0.01645030005602166
S1,Standard Operations,S1_Inst_066,14,34554.829999999994,4350.307999999994,14.402836767289326,30204.522000000004,30204.522,0.0,0.0,0.00035850005224347115,0.0032084000413306057,0.02113670000107959
S1,Standard Operations,S1_Inst_067,16,41342.969999999994,5067.5229999999865,13.969567349507741,36275.447,36275.44700000001,0.0,0.0,0.00013870000839233398,0.0033017999958246946,0.017608299967832863
S1,Standard Operations,S1_Inst_068,19,46780.08,5975.2820000000065,14.64357696366983,40804.79800000002,40804.797999999995,0.0,0.0,0.00015569996321573853,0.0031180999940261245,0.04725900001358241
S1,Standard Operations,S1_Inst_069,20,42146.42000000001,5254.914000000012,14.244238226544645,36891.506,36891.506,0.0,0.0,0.0001715999678708613,0.007207399990875274,0.05405059998156503
S1,Standard Operations,S1_Inst_070,16,35765.22000000001,4219.799000000006,13.376898663042114,31545.421000000006,31545.421000000002,0.0,0.0,0.00015209999401122332,0.004391300026327372,0.03983030002564192
S1,Standard Operations,S1_Inst_071,15,30901.280000000002,3280.394000000011,11.876498096404339,27620.886000000002,27620.88599999999,0.0,0.0,0.00013040000339969993,0.0035131999757140875,0.03230640001129359
S1,Standard Operations,S1_Inst_072,11,30132.839999999997,3615.1649999999972,13.63303909562206,26517.675000000007,26517.675,0.0,0.0,0.00034959998447448015,0.004691400041338056,0.022306600003503263
S1,Standard Operations,S1_Inst_073,17,43820.04,4982.678999999996,12.829602402696713,38837.36099999998,38837.361000000004,0.0,0.0,0.0007280000136233866,0.004479199997149408,0.04219349997583777
S1,Standard Operations,S1_Inst_074,17,41780.57000000001,4841.903000000013,13.10795270441138,36938.66699999998,36938.666999999994,0.0,0.0,0.00013840000610798597,0.0029563999851234257,0.03102190000936389
S1,Standard Operations,S1_Inst_075,19,45030.520000000004,5405.739999999998,13.642321799641529,39624.78000000001,39624.780000000006,0.0,0.0,0.00019639998208731413,0.0047913999878801405,0.026098000002093613
S1,Standard Operations,S1_Inst_076,17,38777.78000000002,4355.0340000000215,12.651617044148718,34422.746,34422.746,0.0,0.0,0.00016360002337023616,0.005313400004524738,0.043792299984488636
S1,Standard Operations,S1_Inst_077,10,18799.25,2186.866000000002,13.164070852202803,16612.384,16612.384,0.0,0.0,0.00011290004476904869,0.0012422999716363847,0.015399999974761158
S1,Standard Operations,S1_Inst_078,11,29043.620000000003,3653.241000000002,14.388288571824791,25390.378999999997,25390.379,0.0,0.0,0.00017100002150982618,0.0026018000207841396,0.016092200006823987
S1,Standard Operations,S1_Inst_079,19,30614.589999999997,3729.636999999995,13.872581439885707,26884.952999999998,26884.953,0.0,0.0,0.0002072000061161816,0.005259500001557171,0.03779570001643151
S1,Standard Operations,S1_Inst_080,19,34501.46,4640.128999999997,15.538922226875945,29861.331000000002,29861.331000000002,0.0,0.0,0.00017439998919144273,0.00509230000898242,0.024947899975813925
S1,Standard Operations,S1_Inst_081,15,40136.219999999994,4928.510128038033,13.998383155170524,35207.70999999999,35207.70987196196,0.0001280380311072804,3.6366475289903727e-07,0.00023200002033263445,0.003990199998952448,0.05988509999588132
S1,Standard Operations,S1_Inst_082,13,23999.379999999997,2878.087999999996,13.62647701665218,21121.292,21121.292,0.0,0.0,0.00011950003681704402,0.0022035999572835863,0.045884600025601685
S1,Standard Operations,S1_Inst_083,12,23348.359999999997,3202.7599999999948,15.898062107854788,20145.6,20145.600000000002,0.0,0.0,0.0006693000323139131,0.0028636999777518213,0.0334335999796167
S1,Standard Operations,S1_Inst_084,14,34200.29000000001,3682.217000000008,12.06569300755001,30518.072999999993,30518.073,0.0,0.0,0.00012379995314404368,0.002618500031530857,0.03473349998239428
S1,Standard Operations,S1_Inst_085,15,35824.799999999996,4405.531999999999,14.021752511866284,31419.26800000001,31419.267999999996,0.0,0.0,0.00013080000644549727,0.0027902000001631677,0.02049230004195124
S1,Standard Operations,S1_Inst_086,18,41358.78,5995.361000000004,16.953567187607074,35363.418999999994,35363.418999999994,0.0,0.0,0.00022460002219304442,0.003318799950648099,0.02428380004130304
S1,Standard Operations,S1_Inst_087,18,40087.36000000001,5257.3550000000105,15.094327434061553,34830.005000000005,34830.005,0.0,0.0,0.0001441999920643866,0.0027557999710552394,0.034978600044269115
S1,Standard Operations,S1_Inst_088,17,37474.310000000005,4835.6730000000025,14.815793318820274,32638.637000000002,32638.637000000002,0.0,0.0,0.00014129996998235583,0.0035617999965325,0.025992800015956163
S1,Standard Operations,S1_Inst_089,13,20507.320000000003,2529.0859999999993,14.06748849747978,17978.234,17978.234000000004,0.0,0.0,0.00014990003546699882,0.001940599991939962,0.028025300009176135
S1,Standard Operations,S1_Inst_090,18,38161.810000000005,4762.975000000013,14.260901615280936,33398.835,33398.83499999999,0.0,0.0,0.0001498999772593379,0.002905900008045137,0.024049900006502867
S1,Standard Operations,S1_Inst_091,18,35627.95,4156.126999999993,13.205866720844206,31471.822999999993,31471.823000000004,0.0,0.0,0.0001697000116109848,0.0031369999633170664,0.022357000038027763
S1,Standard Operations,S1_Inst_092,12,28289.589999999993,3625.202999999994,14.69812730395446,24664.387,24664.387,0.0,0.0,0.0001094000181183219,0.0018600000184960663,0.01857339998241514
S1,Standard Operations,S1_Inst_093,17,40015.100000000006,4263.885000000017,11.926545713201685,35751.215000000004,35751.21499999999,0.0,0.0,0.00014349998673424125,0.0046879000146873295,0.03112679999321699
S1,Standard Operations,S1_Inst_094,10,23682.629999999986,2184.345999999983,10.16055979165585,21498.284,21498.284000000003,0.0,0.0,8.859997615218163e-05,0.0012435000389814377,0.011934899957850575
S1,Standard Operations,S1_Inst_095,15,35801.48,3683.8830000000053,11.469983261823746,32117.596999999994,32117.596999999998,0.0,0.0,0.00013679999392479658,0.0026385000091977417,0.015047399967443198
S1,Standard Operations,S1_Inst_096,19,48105.84999999999,6290.881999999998,15.044569686146833,41814.96800000001,41814.96799999999,0.0,0.0,0.0006393000367097557,0.004928999987896532,0.029212199966423213
S1,Standard Operations,S1_Inst_097,19,38962.78,4777.718000000001,13.976040178016937,34185.06200000001,34185.062,0.0,0.0,0.00022109999554231763,0.0032552999909967184,0.024210600007791072
S1,Standard Operations,S1_Inst_098,15,26690.34,3237.730000000003,13.80541440803392,23452.610000000004,23452.609999999997,0.0,0.0,0.00014739995822310448,0.0027420000405982137,0.025213400018401444
S1,Standard Operations,S1_Inst_099,18,36485.14000000001,4431.116000000002,13.823899302003396,32054.023999999994,32054.024000000005,0.0,0.0,0.0001598999951966107,0.002603599976282567,0.02763490000506863
S1,Standard Operations,S1_Inst_100,12,34145.86,4236.401999999998,14.1640881623465,29909.458,29909.458000000002,0.0,0.0,0.00010790000669658184,0.0019179999944753945,0.021612899960018694
S2,Near-Threshold Demand,S2_Inst_001,13,23958.870000000006,3463.441000000006,16.898602122453774,20495.429,20495.429,0.0,0.0,0.00011719996109604836,0.003198700025677681,0.024499199993442744
S2,Near-Threshold Demand,S2_Inst_002,12,32676.560000000005,4956.119999999999,17.87893698657019,27720.440000000002,27720.440000000006,0.0,0.0,0.00011189997894689441,0.003210199996829033,0.022139300010167062
S2,Near-Threshold Demand,S2_Inst_003,10,16846.600000000002,2325.956000000002,16.01827026404615,14520.644000000002,14520.644,0.0,0.0,9.940000018104911e-05,0.002760400006081909,0.019954000017605722
S2,Near-Threshold Demand,S2_Inst_004,10,17492.800000000003,2611.542000000003,17.549201821512693,14881.258000000002,14881.258,0.0,0.0,0.00010339997243136168,0.0024663000367581844,0.01742829999420792
S2,Near-Threshold Demand,S2_Inst_005,10,26112.599999999995,3869.6739999999954,17.39732443474386,22242.925999999996,22242.926,0.0,0.0,0.00011590000940486789,0.003637899993918836,0.020172799995634705
S2,Near-Threshold Demand,S2_Inst_006,10,16667.780000000002,2228.4600000000028,15.433275251189132,14439.32,14439.32,0.0,0.0,0.0001010000123642385,0.003828299988526851,0.019959199998993427
S2,Near-Threshold Demand,S2_Inst_007,12,27902.299999999996,3961.4909999999945,16.547022283165095,23940.809000000005,23940.809,0.0,0.0,0.0003203999949619174,0.003050300001632422,0.02013779996195808
S2,Near-Threshold Demand,S2_Inst_008,13,22931.75,3109.0670000000027,15.68439045309862,19822.682999999997,19822.682999999997,0.0,0.0,0.00013329996727406979,0.0031101000495254993,0.025598500040359795
S2,Near-Threshold Demand,S2_Inst_009,10,18040.669999999995,2652.4869999999937,17.237168286860076,15388.182999999992,15388.183,0.0,0.0,8.949998300522566e-05,0.0024585999781265855,0.018656899977941066
S2,Near-Threshold Demand,S2_Inst_010,14,39328.350000000006,5398.053000000007,15.909241820076044,33930.29699999999,33930.297,0.0,0.0,0.00012440001592040062,0.004855100007262081,0.026258099998813123
S2,Near-Threshold Demand,S2_Inst_011,14,38479.600000000006,5337.3840000000055,16.104487400601112,33142.21599999999,33142.216,0.0,0.0,0.00012800004333257675,0.0046792999492026865,0.024463200010359287
S2,Near-Threshold Demand,S2_Inst_012,12,30641.689999999988,4386.646999999983,16.707826378345608,26255.043,26255.043000000005,0.0,0.0,0.00013699999544769526,0.002890500007197261,0.021575700026005507
S2,Near-Threshold Demand,S2_Inst_013,14,34263.46,5185.9540000000015,17.83493398642924,29077.50600000001,29077.505999999998,0.0,0.0,0.00012799998512491584,0.005500200029928237,0.027107000001706183
S2,Near-Threshold Demand,S2_Inst_014,12,23503.479999999996,3099.199999999997,15.188970157241508,20404.280000000002,20404.28,0.0,0.0,0.00011600001016631722,0.005502099986188114,0.020802700018975884
S2,Near-Threshold Demand,S2_Inst_015,10,27847.010000000002,3944.9310000000005,16.50455175886583,23902.078999999998,23902.079,0.0,0.0,9.660003706812859e-05,0.0027339999796822667,0.01879850000841543
S2,Near-Threshold Demand,S2_Inst_016,10,30579.140000000003,4695.649000000001,18.141482538039405,25883.490999999995,25883.491,0.0,0.0,9.71999834291637e-05,0.002730800013523549,0.01698519999627024
S2,Near-Threshold Demand,S2_Inst_017,10,29168.899999999994,4549.122999999992,18.477515048166325,24619.776999999995,24619.777000000002,0.0,0.0,9.6399977337569e-05,0.005428200005553663,0.01797599997371435
S2,Near-Threshold Demand,S2_Inst_018,12,24924.71,3904.641999999996,18.575781962265754,21020.068000000007,21020.068000000003,0.0,0.0,0.0001134999911300838,0.012612699996680021,0.02092759998049587
S2,Near-Threshold Demand,S2_Inst_019,14,34745.29,4391.294000000002,14.466938718711045,30353.996,30353.996,0.0,0.0,0.00012500002048909664,0.0034205999691039324,0.022571200039237738
S2,Near-Threshold Demand,S2_Inst_020,12,39626.05,6486.900999999998,19.574736213051207,33139.149,33139.149000000005,0.0,0.0,0.00011720001930370927,0.0041874999878928065,0.020360700029414147
S2,Near-Threshold Demand,S2_Inst_021,11,20937.14,3037.6890000000058,16.970850111548152,17899.45100000001,17899.450999999994,0.0,0.0,0.00012289994629099965,0.002584100002422929,0.016771099995821714
S2,Near-Threshold Demand,S2_Inst_022,13,28026.430000000004,4062.994000000006,16.954972567373087,23963.436,23963.435999999998,0.0,0.0,0.0003151999553665519,0.004007500014267862,0.025847700017038733
S2,Near-Threshold Demand,S2_Inst_023,13,37561.61,5284.233,16.37132100294271,32277.377,32277.377,0.0,0.0,0.00017780001508072019,0.003306299971882254,0.020869200001470745
S2,Near-Threshold Demand,S2_Inst_024,10,26414.96,4512.423999999999,20.60229007271121,21902.535999999996,21902.536,0.0,0.0,0.00011860002996399999,0.0034040999598801136,0.01961780001875013
S2,Near-Threshold Demand,S2_Inst_025,14,37275.86000000001,5426.895000000008,17.039470513406034,31848.964999999997,31848.965,0.0,0.0,0.0001797000295482576,0.004219800001010299,0.02213489997666329
S2,Near-Threshold Demand,S2_Inst_026,14,45394.460000000014,7323.058000000019,19.23506258056906,38071.401999999995,38071.401999999995,0.0,0.0,0.00014240003656595945,0.004127299995161593,0.020725600013975054
S2,Near-Threshold Demand,S2_Inst_027,14,33899.32000000001,4784.792000000005,16.434379427342957,29114.528,29114.528000000002,0.0,0.0,0.00013209995813667774,0.003388600016478449,0.018823000020347536
S2,Near-Threshold Demand,S2_Inst_028,12,29178.829999999994,3759.4189999999944,14.789559836771963,25419.410999999996,25419.411,0.0,0.0,0.0001306000049225986,0.003066500008571893,0.024958299996796995
S2,Near-Threshold Demand,S2_Inst_029,13,30468.610000000004,4560.891000000003,17.60437111426136,25907.719,25907.719,0.0,0.0,0.00016609998419880867,0.003577199997380376,0.021934800024610013
S2,Near-Threshold Demand,S2_Inst_030,12,28531.100000000002,4639.744000000006,19.42017857839466,23891.356000000003,23891.355999999996,0.0,0.0,0.0004344999906606972,0.004059700004290789,0.01893359998939559
S2,Near-Threshold Demand,S2_Inst_031,11,25510.460000000003,3714.4560000000056,17.04191282035003,21796.003999999997,21796.003999999997,0.0,0.0,0.00012049998622387648,0.003070400038268417,0.019039900042116642
S2,Near-Threshold Demand,S2_Inst_032,10,18439.56,2876.4620000000014,18.482579753722565,15563.098000000004,15563.098,0.0,0.0,0.00010969996219500899,0.002433600020594895,0.014791199995670468
S2,Near-Threshold Demand,S2_Inst_033,14,32085.89,4818.845000000001,17.672780457141585,27267.045,27267.045,0.0,0.0,0.00013320002472028136,0.003669800003990531,0.021454500034451485
S2,Near-Threshold Demand,S2_Inst_034,13,27584.370000000003,3971.2680000000037,16.818069900346018,23613.102,23613.102,0.0,0.0,0.00011960003757849336,0.00362249999307096,0.020970100013073534
S2,Near-Threshold Demand,S2_Inst_035,11,25129.529999999995,3903.7099999999955,18.391327166630056,21225.820000000003,21225.82,0.0,0.0,0.00010480004129931331,0.003069699974730611,0.01670350000495091
S2,Near-Threshold Demand,S2_Inst_036,13,38116.42999999999,5132.950999999994,15.562187966890919,32983.479,32983.479,0.0,0.0,0.00020020001102238894,0.004496400011703372,0.020439099986106157
S2,Near-Threshold Demand,S2_Inst_037,13,30596.059999999994,4689.890999999992,18.103375300300065,25906.169,25906.169,0.0,0.0,0.00012129999231547117,0.0034839999862015247,0.022900599986314774
S2,Near-Threshold Demand,S2_Inst_038,14,28809.979999999992,3908.0629999999946,15.693823893156477,24901.917,24901.916999999998,0.0,0.0,0.00015059998258948326,0.0038093000184744596,0.021099200006574392
S2,Near-Threshold Demand,S2_Inst_039,10,16901.39,2877.9209999999985,20.522176074978297,14023.469,14023.469000000001,0.0,0.0,9.540002793073654e-05,0.002540699962992221,0.01711269997758791
S2,Near-Threshold Demand,S2_Inst_040,14,40595.86,5923.049999999996,17.082693903378456,34672.810000000005,34672.810000000005,0.0,0.0,0.0001365999924018979,0.004663200001232326,0.02292190003208816
S2,Near-Threshold Demand,S2_Inst_041,14,31208.9,4457.4200000000055,16.66233045797842,26751.479999999992,26751.479999999996,0.0,0.0,0.00012989999959245324,0.003969600016716868,0.019839499960653484
S2,Near-Threshold Demand,S2_Inst_042,12,27479.770000000004,4144.778000000002,17.76207165616342,23334.992,23334.992000000002,0.0,0.0,0.00011350004933774471,0.004976399999577552,0.027205599995795637
S2,Near-Threshold Demand,S2_Inst_043,11,29988.23,4707.866999999998,18.622624208362822,25280.363,25280.363,0.0,0.0,0.00010160001693293452,0.004080899991095066,0.020008500025141984
S2,Near-Threshold Demand,S2_Inst_044,14,29635.400000000005,4049.7440000000024,15.828181227794206,25585.656000000003,25585.656000000003,0.0,0.0,0.00013240001862868667,0.0038580999826081097,0.023934600001666695
S2,Near-Threshold Demand,S2_Inst_045,12,29897.340000000004,4110.924999999999,15.942212207474357,25786.415000000005,25786.415000000005,0.0,0.0,0.00012769998284056783,0.003437399980612099,0.01983440003823489
S2,Near-Threshold Demand,S2_Inst_046,13,28451.429999999997,4160.5430000000015,17.1279994839217,24290.887,24290.886999999995,0.0,0.0,0.0001208000467158854,0.003153399971779436,0.018772499985061586
S2,Near-Threshold Demand,S2_Inst_047,11,25359.75,3560.3629999999976,16.332399622062756,21799.387,21799.387000000002,0.0,0.0,0.00011679995805025101,0.002682399994228035,0.017866400012280792
S2,Near-Threshold Demand,S2_Inst_048,12,30839.060000000005,4162.831000000009,15.605020484716976,26676.229000000003,26676.228999999996,0.0,0.0,0.00029749999521300197,0.003335300018079579,0.020236099953763187
S2,Near-Threshold Demand,S2_Inst_049,12,25752.56,4216.637000000006,19.579550874137166,21535.92299999999,21535.922999999995,0.0,0.0,0.00011219998123124242,0.0032438000198453665,0.021040799969341606
S2,Near-Threshold Demand,S2_Inst_050,11,21544.460000000003,3078.068000000003,16.66848618831444,18466.391999999993,18466.392,0.0,0.0,0.00010080001084133983,0.003868900006636977,0.022437900013756007
S2,Near-Threshold Demand,S2_Inst_051,11,18235.05,2597.7339999999967,16.61240330501728,15637.316,15637.316000000003,0.0,0.0,0.00010149995796382427,0.002697699994314462,0.01625159999821335
S2,Near-Threshold Demand,S2_Inst_052,10,17128.32,2087.7940000000017,13.88112357240699,15040.526000000003,15040.525999999998,0.0,0.0,9.660003706812859e-05,0.0027297999477013946,0.018721100001130253
S2,Near-Threshold Demand,S2_Inst_053,14,24557.53,3403.792999999998,16.090740846404575,21153.736999999997,21153.737,0.0,0.0,0.00012649997370317578,0.004454299982171506,0.02415010001277551
S2,Near-Threshold Demand,S2_Inst_054,12,21349.52,3147.0469999999987,17.2891178028392,18202.473,18202.473,0.0,0.0,0.00012320000678300858,0.0028155000181868672,0.023927600006572902
S2,Near-Threshold Demand,S2_Inst_055,13,38734.579999999994,5596.053,16.886848953787236,33138.527,33138.526999999995,0.0,0.0,0.00013070000568404794,0.003955700027290732,0.022080599970649928
S2,Near-Threshold Demand,S2_Inst_056,14,39421.95,5620.489000000001,16.627946939926655,33801.461,33801.460999999996,0.0,0.0,0.00013120000949129462,0.0042057999526150525,0.02565550000872463
S2,Near-Threshold Demand,S2_Inst_057,13,25160.019999999997,3981.465999999993,18.79951766300944,21178.554000000007,21178.554000000004,0.0,0.0,0.00012290000449866056,0.0031066000228747725,0.027029199991375208
S2,Near-Threshold Demand,S2_Inst_058,11,19767.690000000002,2683.2210000000014,15.705615433526212,17084.469,17084.469,0.0,0.0,0.0001097000204026699,0.007438800006639212,0.022823099978268147
S2,Near-Threshold Demand,S2_Inst_059,11,31254.760000000006,4220.595000000005,15.612078272067972,27034.165000000005,27034.165,0.0,0.0,0.0001453000004403293,0.0035738999722525477,0.019255899998825043
S2,Near-Threshold Demand,S2_Inst_060,11,21008.100000000006,3115.6410000000033,17.41315154054567,17892.459,17892.459000000003,0.0,0.0,0.0003391000209376216,0.00595009996322915,0.032839099992997944
S2,Near-Threshold Demand,S2_Inst_061,13,35795.200000000004,5125.841000000004,16.71323160030832,30669.359,30669.359,0.0,0.0,0.0002986000035889447,0.004488499951548874,0.033981200016569346
S2,Near-Threshold Demand,S2_Inst_062,11,29011.430000000008,3873.535000000007,15.409146231217877,25137.895000000008,25137.895,0.0,0.0,0.000122999947052449,0.003151100012473762,0.017691300017759204
S2,Near-Threshold Demand,S2_Inst_063,12,30649.339999999997,4186.445999999996,15.820061101404844,26462.894,26462.894,0.0,0.0,0.0001202999847009778,0.0030311000300571322,0.01966389996232465
S2,Near-Threshold Demand,S2_Inst_064,13,30485.069999999996,4236.917999999998,16.14177638105722,26248.152,26248.152,0.0,0.0,0.0002229000092484057,0.003719799977261573,0.021492500032763928
S2,Near-Threshold Demand,S2_Inst_065,11,24573.590000000004,4038.2980000000025,19.665159862348204,20535.292,20535.292,0.0,0.0,0.00010850001126527786,0.00283429998671636,0.021166599995922297
S2,Near-Threshold Demand,S2_Inst_066,10,23683.899999999994,3458.873999999996,17.101950820730696,20225.025999999994,20225.025999999998,0.0,0.0,0.00010389997623860836,0.003123899979982525,0.019268900039605796
S2,Near-Threshold Demand,S2_Inst_067,11,24563.25,3343.6670000000013,15.757458570227328,21219.583,21219.583,0.0,0.0,0.00018089998047798872,0.0027268999838270247,0.015534900012426078
S2,Near-Threshold Demand,S2_Inst_068,10,22926.530000000002,3033.6680000000015,15.250032901248705,19892.862000000005,19892.862,0.0,0.0,9.580003097653389e-05,0.0024194999714381993,0.015907299995888025
S2,Near-Threshold Demand,S2_Inst_069,11,26967.929999999997,3534.6899999999987,15.084085683413814,23433.24,23433.239999999998,0.0,0.0,0.00010140001541003585,0.0038664000458084047,0.018141699954867363
S2,Near-Threshold Demand,S2_Inst_070,11,28141.61,4192.510000000002,17.50591880279427,23949.099999999995,23949.1,0.0,0.0,0.00011480000102892518,0.004797099973075092,0.017299800005275756
S2,Near-Threshold Demand,S2_Inst_071,14,31798.399999999994,4347.910999999996,15.839102174099692,27450.489000000005,27450.488999999998,0.0,0.0,0.0001297999988310039,0.003689400036819279,0.024273899965919554
S2,Near-Threshold Demand,S2_Inst_072,12,33168.23,4875.200000000008,17.23109896677736,28293.029999999995,28293.029999999995,0.0,0.0,0.00011560000712051988,0.005791699979454279,0.025168700027279556
S2,Near-Threshold Demand,S2_Inst_073,10,27569.889999999996,3954.0109999999986,16.743018542735584,23615.878999999994,23615.878999999997,0.0,0.0,0.00010189996100962162,0.004846499999985099,0.03652050002710894
S2,Near-Threshold Demand,S2_Inst_074,12,24769.340000000004,3682.6010000000024,17.46406118082081,21086.739000000005,21086.739,0.0,0.0,0.0001227000029757619,0.004754699999466538,0.03582109999842942
S2,Near-Threshold Demand,S2_Inst_075,14,27010.670000000002,3877.582000000002,16.762059609162435,23133.087999999996,23133.088,0.0,0.0,0.00018740002997219563,0.005917900009080768,0.03492409997852519
S2,Near-Threshold Demand,S2_Inst_076,12,21920.75,2990.990999999998,15.800470571231246,18929.759000000002,18929.759000000002,0.0,0.0,0.0001343999756500125,0.0037549000116996467,0.02364510000916198
S2,Near-Threshold Demand,S2_Inst_077,11,29494.750000000004,3946.2659999999996,15.446184595532161,25548.483999999993,25548.484000000004,0.0,0.0,0.00015029998030513525,0.007532200019340962,0.017585999972652644
S2,Near-Threshold Demand,S2_Inst_078,12,21086.979999999996,3002.364999999998,16.601763432619375,18084.615,18084.614999999998,0.0,0.0,0.00013289996422827244,0.003123600035905838,0.020150500000454485
S2,Near-Threshold Demand,S2_Inst_079,10,24435.88,3253.823999999997,15.361228390671785,21182.056,21182.056000000004,0.0,0.0,9.739998495206237e-05,0.003486500005237758,0.019621399987954646
S2,Near-Threshold Demand,S2_Inst_080,12,26561.779999999995,3854.8789999999935,16.976684753238644,22706.900999999994,22706.901,0.0,0.0,0.00011739996261894703,0.0030175999854691327,0.020221600017976016
S2,Near-Threshold Demand,S2_Inst_081,10,26072.87,3902.791999999994,17.603871307985443,22170.078,22170.078000000005,0.0,0.0,9.519996820017695e-05,0.0024731000303290784,0.018590799998492002
S2,Near-Threshold Demand,S2_Inst_082,10,26920.019999999993,4174.191999999992,18.351462079111787,22745.827999999998,22745.828,0.0,0.0,9.410001803189516e-05,0.0036032000207342207,0.01860139996279031
S2,Near-Threshold Demand,S2_Inst_083,13,36397.770000000004,4827.641000000003,15.29180004300902,31570.128999999994,31570.129,0.0,0.0,0.00013260002015158534,0.003427299961913377,0.021097800054121763
S2,Near-Threshold Demand,S2_Inst_084,11,23307.2,3163.1339999999946,15.702559751343118,20144.066000000003,20144.066000000006,0.0,0.0,0.00010649999603629112,0.00275569997029379,0.019141600001603365
S2,Near-Threshold Demand,S2_Inst_085,11,33044.520000000004,4819.108000000007,17.073649801816913,28225.412,28225.411999999997,0.0,0.0,0.00010770000517368317,0.002992300025653094,0.02026850002584979
S2,Near-Threshold Demand,S2_Inst_086,14,29830.32,4385.496999999999,17.235321306813567,25444.822999999993,25444.823,0.0,0.0,0.0001281000440940261,0.004463500052224845,0.02160899998852983
S2,Near-Threshold Demand,S2_Inst_087,11,26837.100000000002,4186.589000000007,18.483419645587723,22650.511000000006,22650.510999999995,0.0,0.0,0.00011150003410875797,0.0028420999879017472,0.018579899973701686
S2,Near-Threshold Demand,S2_Inst_088,13,27881.11000000001,3610.802000000007,14.877446137065942,24270.308000000008,24270.308000000005,0.0,0.0,0.0001224999432452023,0.004011600045487285,0.025260199967306107
S2,Near-Threshold Demand,S2_Inst_089,10,20836.509999999995,3145.2599999999948,17.778619373984284,17691.25,17691.25,0.0,0.0,9.560002945363522e-05,0.0027062000008299947,0.018155799945816398
S2,Near-Threshold Demand,S2_Inst_090,13,36701,5108.961000000003,16.17167223679359,31592.039000000008,31592.038999999997,0.0,0.0,0.00016880000475794077,0.003882099990732968,0.01975289999973029
S2,Near-Threshold Demand,S2_Inst_091,10,21626.170000000006,2964.440000000006,15.88512962088727,18661.730000000003,18661.73,0.0,0.0,9.660003706812859e-05,0.0034344999585300684,0.017345800006296486
S2,Near-Threshold Demand,S2_Inst_092,12,30858.69,4395.127999999997,16.60822530239881,26463.561999999994,26463.562,0.0,0.0,0.00016009999671950936,0.004085999971721321,0.02034230000572279
S2,Near-Threshold Demand,S2_Inst_093,11,25101.279999999995,3325.072999999993,15.26929368369796,21776.207000000006,21776.207000000002,0.0,0.0,0.0001105000264942646,0.002793799969367683,0.01800909999292344
S2,Near-Threshold Demand,S2_Inst_094,11,30632.13,4273.971000000001,16.214982996346603,26358.159000000003,26358.159,0.0,0.0,0.00012229999992996454,0.004801100003533065,0.020978499960619956
S2,Near-Threshold Demand,S2_Inst_095,14,31824.910000000007,4907.255000000012,18.23061852899152,26917.65499999999,26917.654999999995,0.0,0.0,0.0001284000463783741,0.0036240000044927,0.026934900030028075
S2,Near-Threshold Demand,S2_Inst_096,14,31123.89,4957.302000000003,18.945160140863624,26166.58800000001,26166.587999999996,0.0,0.0,0.0001317000132985413,0.0035475000040605664,0.02041959995403886
S2,Near-Threshold Demand,S2_Inst_097,14,37104.57,5466.845000000001,17.279513618630926,31637.725000000006,31637.725,0.0,0.0,0.00015360000543296337,0.003922200005035847,0.024649899976793677
S2,Near-Threshold Demand,S2_Inst_098,14,27132.82999999999,3595.026999999991,15.273417829183083,23537.803,23537.803,0.0,0.0,0.00017780001508072019,0.003736999991815537,0.0213765999651514
S2,Near-Threshold Demand,S2_Inst_099,11,30027.190000000002,4570.183000000008,17.952554281027652,25457.007,25457.006999999994,0.0,0.0,0.00038460001815110445,0.004253099963534623,0.020355299988295883
S2,Near-Threshold Demand,S2_Inst_100,13,27654.829999999994,3889.990999999991,16.368682320970027,23764.838999999996,23764.839000000004,0.0,0.0,0.00012020004214718938,0.0033485000021755695,0.035245100036263466
S3,High Holding Cost,S3_Inst_001,12,21843.54,2216.889000000003,11.295299437484282,19626.651,19626.650999999998,0.0,0.0,0.0001852000132203102,0.007560000056400895,0.055448600032832474
S3,High Holding Cost,S3_Inst_002,14,32575.419999999995,4107.500999999997,14.428525667787648,28467.919000000005,28467.918999999998,0.0,0.0,0.00013209995813667774,0.003327400016132742,0.02890749997459352
S3,High Holding Cost,S3_Inst_003,12,24544.519999999997,2850.2049999999945,13.138027174400271,21694.315000000002,21694.315000000002,0.0,0.0,0.00011860002996399999,0.003050500003155321,0.023181399970781058
S3,High Holding Cost,S3_Inst_004,11,22539.989999999998,2595.793999999998,13.015285248901476,19944.196,19944.196,0.0,0.0,9.970000246539712e-05,0.002753000007942319,0.023328099981881678
S3,High Holding Cost,S3_Inst_005,14,30618.9,3872.2890000000043,14.477680929370845,26746.611000000004,26746.610999999997,0.0,0.0,0.00014590000500902534,0.00454850000096485,0.03360620001330972
S3,High Holding Cost,S3_Inst_006,13,26894.350000000002,3025.426000000003,12.675167091738206,23868.92399999999,23868.924,0.0,0.0,0.00014289998216554523,0.00460929999826476,0.03303930000402033
S3,High Holding Cost,S3_Inst_007,13,27460.530000000006,3465.8340000000026,14.444167160942579,23994.696,23994.696000000004,0.0,0.0,0.00012130005052313209,0.003496199962683022,0.03145160002168268
S3,High Holding Cost,S3_Inst_008,14,27914.240000000005,3453.806000000004,14.119970234379341,24460.433999999994,24460.434,0.0,0.0,0.00013299996498972178,0.004371000046376139,0.028829599963501096
S3,High Holding Cost,S3_Inst_009,12,25692.089999999993,3582.669999999991,16.20426949237018,22109.42,22109.420000000002,0.0,0.0,0.0001243999577127397,0.003385599993634969,0.025843300041742623
S3,High Holding Cost,S3_Inst_010,14,30571.43,3118.3319999999985,11.35876176889034,27453.098000000005,27453.098,0.0,0.0,0.0001336000277660787,0.003956600034143776,0.03130309999687597
S3,High Holding Cost,S3_Inst_011,12,29819.179999999997,3996.5370000000003,15.476870434989944,25822.643000000004,25822.642999999996,0.0,0.0,0.00011039996752515435,0.002909699978772551,0.02177230000961572
S3,High Holding Cost,S3_Inst_012,11,35785.87,4669.998,15.00841114142647,31115.872000000003,31115.872000000003,0.0,0.0,0.00010350003140047193,0.0038155000074766576,0.022503700049128383
S3,High Holding Cost,S3_Inst_013,12,25772.829999999994,2705.3519999999953,11.7279921107977,23067.478000000003,23067.478,0.0,0.0,0.00010939995991066098,0.003183600027114153,0.030021200014743954
S3,High Holding Cost,S3_Inst_014,12,19841.350000000002,2080.212000000003,11.712154930613137,17761.138000000003,17761.138,0.0,0.0,0.00011960003757849336,0.004091799957677722,0.02274720004061237
S3,High Holding Cost,S3_Inst_015,13,42761.25,5151.590000000004,13.697518137627418,37609.66,37609.659999999996,0.0,0.0,0.00016769999638199806,0.004019999993033707,0.025521600036881864
S3,High Holding Cost,S3_Inst_016,13,32315.010000000002,4617.514000000003,16.67123266305374,27697.495999999996,27697.496,0.0,0.0,0.0001175999641418457,0.0033266000100411475,0.026431099977344275
S3,High Holding Cost,S3_Inst_017,12,28377.48,3582.6049999999996,14.448973830277426,24794.875,24794.875,0.0,0.0,0.00011590000940486789,0.0030097999842837453,0.04655900003854185
S3,High Holding Cost,S3_Inst_018,10,19467.28,2228.510999999995,12.927320970540265,17238.769,17238.769000000004,0.0,0.0,0.00010349997319281101,0.0038462000084109604,0.02593980001984164
S3,High Holding Cost,S3_Inst_019,12,22230.950000000004,2387.327000000001,12.030701248456497,19843.623,19843.623000000003,0.0,0.0,0.00013830000534653664,0.003811500035226345,0.021335400000680238
S3,High Holding Cost,S3_Inst_020,10,19666.620000000003,2180.288000000004,12.468526847139836,17486.332,17486.332,0.0,0.0,0.00010410003596916795,0.002791500010062009,0.03427799994824454
S3,High Holding Cost,S3_Inst_021,13,35530.369999999995,4633.2279999999955,14.995652348686475,30897.141999999996,30897.142,0.0,0.0,0.00014969997573643923,0.004019999993033707,0.034332600014749914
S3,High Holding Cost,S3_Inst_022,13,31437.960000000003,3767.444000000003,13.615373128567617,27670.516,27670.516,0.0,0.0,0.00012070004595443606,0.0031100999913178384,0.03970709996065125
S3,High Holding Cost,S3_Inst_023,10,17439.200000000004,2122.677000000005,13.858739349655306,15316.523000000001,15316.523,0.0,0.0,9.809999028220773e-05,0.002963299979455769,0.019218500005081296
S3,High Holding Cost,S3_Inst_024,13,31798.589999999997,3315.0290000000023,11.638393808976351,28483.561,28483.560999999994,0.0,0.0,0.00011900003300979733,0.003049399994779378,0.031923500006087124
S3,High Holding Cost,S3_Inst_025,10,28985.270000000004,3792.8430000000008,15.05548869904436,25192.426999999996,25192.427000000003,0.0,0.0,0.00011770002311095595,0.0031763999722898006,0.01849049999145791
S3,High Holding Cost,S3_Inst_026,10,25882.820000000003,3417.095000000005,15.210259183712099,22465.725,22465.725,0.0,0.0,0.0001368000521324575,0.0037192999734543264,0.028735200001392514
S3,High Holding Cost,S3_Inst_027,12,23440.39,3147.5560000000005,15.510677315943159,20292.834,20292.834,0.0,0.0,0.00012400001287460327,0.004246099968440831,0.028598200005944818
S3,High Holding Cost,S3_Inst_028,12,32331.98,4459.749999999996,16.000693163051523,27872.23,27872.230000000003,0.0,0.0,0.0001145999995060265,0.0030878999968990684,0.022058700036723167
S3,High Holding Cost,S3_Inst_029,10,24626.08,2892.624,13.30954451054632,21733.456000000006,21733.456000000002,0.0,0.0,9.250000584870577e-05,0.0033776999916881323,0.02372639998793602
S3,High Holding Cost,S3_Inst_030,11,31674.09,4160.583999999999,15.121969551972034,27513.506000000005,27513.506,0.0,0.0,0.00010559998918324709,0.003982800000812858,0.022341899981256574
S3,High Holding Cost,S3_Inst_031,13,25365.929999999997,2944.8989999999976,13.13453872839299,22421.031000000003,22421.031,0.0,0.0,0.00013180001405999064,0.003869700012728572,0.027228599996306002
S3,High Holding Cost,S3_Inst_032,10,27926.880000000005,4007.0280000000057,16.751892946494845,23919.852000000003,23919.852,0.0,0.0,0.00012800004333257675,0.003042600001208484,0.023396799981128424
S3,High Holding Cost,S3_Inst_033,12,22355.86000000001,2710.688000000013,13.798240096854396,19645.171999999995,19645.172,0.0,0.0,0.00012729997979477048,0.0035850999993272126,0.027850699960254133
S3,High Holding Cost,S3_Inst_034,10,26342.61,3540.967999999997,15.529443011165583,22801.641999999996,22801.642000000003,0.0,0.0,9.750004392117262e-05,0.003849299973808229,0.020772500021848828
S3,High Holding Cost,S3_Inst_035,11,24636.07,3609.2109999999957,17.164765312783974,21026.859,21026.859000000004,0.0,0.0,0.00011590000940486789,0.0030759000219404697,0.03129770001396537
S3,High Holding Cost,S3_Inst_036,13,34775.75,4514.952000000001,14.920135285262475,30260.798000000003,30260.798,0.0,0.0,0.000116499955765903,0.004026799986604601,0.02433390001533553
S3,High Holding Cost,S3_Inst_037,14,33839.29000000001,4606.861000000008,15.759419102668506,29232.429000000004,29232.429,0.0,0.0,0.00013120000949129462,0.003628099977504462,0.03212020004866645
S3,High Holding Cost,S3_Inst_038,12,33448.880000000005,4075.6610000000073,13.875431902781946,29373.218999999997,29373.218999999997,0.0,0.0,0.00011239998275414109,0.0030809000018052757,0.0374862999888137
S3,High Holding Cost,S3_Inst_039,13,25316.600000000002,3559.172000000006,16.35842251207269,21757.427999999996,21757.427999999996,0.0,0.0,0.00012149999383836985,0.0037829999928362668,0.022129699995275587
S3,High Holding Cost,S3_Inst_040,12,26861.14,3363.3430000000008,14.313439681175222,23497.797000000002,23497.797,0.0,0.0,0.0001126999850384891,0.0032256999984383583,0.024044400022830814
S3,High Holding Cost,S3_Inst_041,14,32141.899999999994,4159.742999999991,14.86569816615635,27982.157000000003,27982.157000000003,0.0,0.0,0.0001294999965466559,0.004301299981307238,0.02274290000787005
S3,High Holding Cost,S3_Inst_042,11,26367.18,3599.4969999999994,15.80967637330509,22767.683,22767.683,0.0,0.0,0.00010609999299049377,0.003088099998421967,0.028693600033875555
S3,High Holding Cost,S3_Inst_043,11,25211.05,3056.2079999999987,13.794763239566315,22154.842000000004,22154.842,0.0,0.0,0.00014519999967887998,0.003521400038152933,0.025671199953649193
S3,High Holding Cost,S3_Inst_044,11,22681.569999999996,3002.036,15.254609179262074,19679.534000000003,19679.533999999996,0.0,0.0,0.00011040002573281527,0.002770799968857318,0.022019200026988983
S3,High Holding Cost,S3_Inst_045,14,27946.980000000003,3730.6030000000064,15.405289569120958,24216.377000000004,24216.376999999997,0.0,0.0,0.0001349000376649201,0.006121399987023324,0.041395100008230656
S3,High Holding Cost,S3_Inst_046,12,30493.510000000002,4354.601000000002,16.659459658396617,26138.908999999992,26138.909,0.0,0.0,0.00011439999798312783,0.003550400026142597,0.03330020001158118
S3,High Holding Cost,S3_Inst_047,14,28559.120000000003,3727.5410000000047,15.011292676957858,24831.579000000005,24831.578999999998,0.0,0.0,0.0001506999833509326,0.0055065000196918845,0.05264169996371493
S3,High Holding Cost,S3_Inst_048,13,29279.209999999995,3357.087999999996,12.950668159034187,25922.121999999996,25922.122,0.0,0.0,0.00014730001566931605,0.0033576000132597983,0.04628240002784878
S3,High Holding Cost,S3_Inst_049,11,22741.930000000004,2615.0520000000033,12.992834755594004,20126.877999999997,20126.878,0.0,0.0,0.00010880001354962587,0.0031968000112101436,0.029026700009126216
S3,High Holding Cost,S3_Inst_050,14,33720.189999999995,4057.6670000000013,13.679439877720457,29662.522999999994,29662.522999999994,0.0,0.0,0.0001357999863103032,0.004217699985019863,0.046539500006474555
S3,High Holding Cost,S3_Inst_051,11,25348.350000000002,2894.1640000000007,12.889195805183054,22454.185999999998,22454.186,0.0,0.0,0.00011389999417588115,0.0034875000128522515,0.02729549998184666
S3,High Holding Cost,S3_Inst_052,13,28307.42,3502.925000000003,14.122137943142981,24804.495000000003,24804.494999999995,0.0,0.0,0.00022500002523884177,0.0036159000010229647,0.03712160000577569
S3,High Holding Cost,S3_Inst_053,11,25361.920000000002,2972.136999999999,13.27452347349681,22389.782999999996,22389.783000000003,0.0,0.0,9.99000039882958e-05,0.0027458000113256276,0.02490859996760264
S3,High Holding Cost,S3_Inst_054,11,18194.65,2213.6229999999996,13.851569113799753,15981.026999999998,15981.027000000002,0.0,0.0,0.0001037000329233706,0.002836100000422448,0.020228999957907945
S3,High Holding Cost,S3_Inst_055,14,36275.19000000001,4567.931000000011,14.406578001586363,31707.258999999987,31707.259,0.0,0.0,0.00016769999638199806,0.005258399993181229,0.024613499990664423
S3,High Holding Cost,S3_Inst_056,10,32280.479999999992,4169.791999999998,14.833475438239002,28110.688000000002,28110.687999999995,0.0,0.0,0.00012989999959245324,0.003950199985411018,0.0227603999665007
S3,High Holding Cost,S3_Inst_057,13,29130.290000000005,3851.965000000004,15.238212974949898,25278.325,25278.325,0.0,0.0,0.00011829996947199106,0.00309370004106313,0.02200200001243502
S3,High Holding Cost,S3_Inst_058,12,21967.31,2916.810000000005,15.310936720821006,19050.499999999996,19050.499999999996,0.0,0.0,0.00015410000924021006,0.004268700024113059,0.026161399960983545
S3,High Holding Cost,S3_Inst_059,14,23060.850000000006,3012.3430000000044,15.025273453030714,20048.50700000001,20048.507,0.0,0.0,0.00016930000856518745,0.004127499996684492,0.030589999980293214
S3,High Holding Cost,S3_Inst_060,11,29681.959999999995,4423.545999999995,17.513158189583855,25258.413999999997,25258.414,0.0,0.0,0.00011510000331327319,0.0032357999589294195,0.02847940003266558
S3,High Holding Cost,S3_Inst_061,12,27665.28000000001,3348.706000000013,13.771290314170134,24316.574,24316.573999999997,0.0,0.0,0.00011109997285529971,0.0034085000515915453,0.02891960000852123
S3,High Holding Cost,S3_Inst_062,12,25128.659999999996,3270.2399999999943,14.9610081606996,21858.42,21858.420000000002,0.0,0.0,0.000112100038677454,0.0033218999742530286,0.025468299980275333
S3,High Holding Cost,S3_Inst_063,12,26876.749999999996,3204.347999999998,13.53621825110945,23672.402,23672.402,0.0,0.0,0.00011260004248470068,0.0036989999935030937,0.0285001999582164
S3,High Holding Cost,S3_Inst_064,11,30869.61,4361.580999999995,16.4538110321216,26508.02900000001,26508.029000000006,0.0,0.0,0.0001078000059351325,0.003040799987502396,0.020192999974824488
S3,High Holding Cost,S3_Inst_065,12,23115.93,2482.8379999999997,12.03328129395245,20633.092,20633.092,0.0,0.0,0.00019040005281567574,0.003123600035905838,0.025822499999776483
S3,High Holding Cost,S3_Inst_066,12,22839.080000000005,2388.8350000000028,11.681204797301952,20450.244999999995,20450.245000000003,0.0,0.0,0.0002933000214397907,0.003145199967548251,0.02762589999474585
S3,High Holding Cost,S3_Inst_067,13,24481.01,3158.318999999996,14.81200942226286,21322.691,21322.691000000003,0.0,0.0,0.00012499996228143573,0.003625100012868643,0.03799719997914508
S3,High Holding Cost,S3_Inst_068,12,30258.140000000003,4108.684000000001,15.712311567781756,26149.456,26149.456000000002,0.0,0.0,0.00011560000712051988,0.004116099968086928,0.03223110001999885
S3,High Holding Cost,S3_Inst_069,12,27310.370000000003,3454.324000000004,14.479868122320038,23856.046000000006,23856.046,0.0,0.0,0.0004200999974273145,0.004900300002191216,0.03176139999413863
S3,High Holding Cost,S3_Inst_070,10,26546.55,3818.421000000002,16.800419427397664,22728.129,22728.128999999997,0.0,0.0,0.00010410003596916795,0.003015899972524494,0.023663200030568987
S3,High Holding Cost,S3_Inst_071,10,17626.79,2215.732,14.377546304737804,15411.057999999999,15411.058,0.0,0.0,0.00022109999554231763,0.00343879999127239,0.02046969998627901
S3,High Holding Cost,S3_Inst_072,10,24788.7,2603.9280000000035,11.737456666221334,22184.772000000004,22184.771999999997,0.0,0.0,0.00010629999451339245,0.005866900028195232,0.02834150003036484
S3,High Holding Cost,S3_Inst_073,14,41702.58,5163.146999999997,14.130342416643401,36539.43300000001,36539.433000000005,0.0,0.0,0.00013320002472028136,0.0038943999679759145,0.03182450000895187
S3,High Holding Cost,S3_Inst_074,12,27270.66,3295.321,13.744627343955388,23975.338999999993,23975.339,0.0,0.0,0.00018859998090192676,0.004150699998717755,0.03275980002945289
S3,High Holding Cost,S3_Inst_075,14,25975.86,3166.347999999998,13.881699880295544,22809.512000000002,22809.512000000002,0.0,0.0,0.000159099989105016,0.005406600015703589,0.026604100014083087
S3,High Holding Cost,S3_Inst_076,10,19679.280000000002,2538.9190000000053,14.812517659342214,17140.361,17140.360999999997,0.0,0.0,0.00010179996024817228,0.002425300015602261,0.022313900000881404
S3,High Holding Cost,S3_Inst_077,12,32042.16,3996.4300000000076,14.249691486012338,28045.730000000003,28045.729999999992,0.0,0.0,0.000152299995534122,0.007335100031923503,0.025684099993668497
S3,High Holding Cost,S3_Inst_078,12,19094.359999999993,2068.9279999999926,12.151985335819921,17025.431999999997,17025.432,0.0,0.0,0.00016369996592402458,0.0033381000394001603,0.024431300000287592
S3,High Holding Cost,S3_Inst_079,13,30185.459999999995,3063.9569999999912,11.297150456595237,27121.503000000008,27121.503000000004,0.0,0.0,0.00011790002463385463,0.004266100004315376,0.030673099972773343
S3,High Holding Cost,S3_Inst_080,14,24826.629999999997,3004.126999999993,13.766188965582879,21822.503,21822.503000000004,0.0,0.0,0.0004621999687515199,0.004190500010736287,0.026186599978245795
S3,High Holding Cost,S3_Inst_081,10,25332.93,2953.011999999999,13.194918766011558,22379.918000000005,22379.918,0.0,0.0,9.379995753988624e-05,0.003538799996022135,0.022918500006198883
S3,High Holding Cost,S3_Inst_082,14,17595.219999999998,1766.9689999999955,11.163387540417418,15828.251,15828.251000000002,0.0,0.0,0.00013189995661377907,0.003337100031785667,0.03006749995984137
S3,High Holding Cost,S3_Inst_083,12,26522.989999999998,2617.3209999999963,10.948536934900236,23905.668999999998,23905.669,0.0,0.0,0.0001094000181183219,0.0030827000155113637,0.02550889999838546
S3,High Holding Cost,S3_Inst_084,13,35213.52999999999,4580.479999999989,14.952738953515855,30633.050000000003,30633.050000000003,0.0,0.0,0.0001631999621167779,0.0034733000211417675,0.030606499989517033
S3,High Holding Cost,S3_Inst_085,11,24210.780000000006,2714.840000000004,12.629547719243744,21495.94,21495.940000000002,0.0,0.0,0.0001349000376649201,0.003215599979739636,0.02037929999642074
S3,High Holding Cost,S3_Inst_086,11,26063.459999999995,3319.046999999995,14.592801317844497,22744.413,22744.413,0.0,0.0,0.00010599999222904444,0.002744099998380989,0.021577299979981035
S3,High Holding Cost,S3_Inst_087,10,25141.679999999997,3242.4209999999985,14.806076315184905,21899.259,21899.259,0.0,0.0,0.00029719999292865396,0.003536200034432113,0.023875499959103763
S3,High Holding Cost,S3_Inst_088,13,24249.019999999993,3009.532999999992,14.169518312753937,21239.487,21239.487,0.0,0.0,0.00011870003072544932,0.003355200053192675,0.030035800009500235
S3,High Holding Cost,S3_Inst_089,13,32124.579999999994,3552.8549999999996,12.43486348829131,28571.724999999995,28571.724999999995,0.0,0.0,0.00011830002767965198,0.004121200006920844,0.030614100047387183
S3,High Holding Cost,S3_Inst_090,12,27399.640000000003,3774.452000000005,15.976389267251568,23625.188,23625.188,0.0,0.0,0.00014239997835829854,0.005321400007233024,0.025822499999776483
S3,High Holding Cost,S3_Inst_091,10,27301.889999999996,3605.3619999999937,15.214726815675247,23696.528,23696.528000000002,0.0,0.0,0.00011419999646022916,0.0030125000048428774,0.023546300013549626
S3,High Holding Cost,S3_Inst_092,11,19398.829999999994,2308.0309999999918,13.504523691373302,17090.798999999995,17090.799000000003,0.0,0.0,0.00010330002987757325,0.002782900002785027,0.029253899992909282
S3,High Holding Cost,S3_Inst_093,14,28193.09,3659.487000000001,14.916223271404535,24533.603000000006,24533.603,0.0,0.0,0.00013130001025274396,0.005471200041938573,0.033606399956624955
S3,High Holding Cost,S3_Inst_094,14,32307.909999999996,4168.536999999997,14.813894396296593,28139.373,28139.373,0.0,0.0,0.00014399999054148793,0.003819799982011318,0.025966899993363768
S3,High Holding Cost,S3_Inst_095,12,21195.950000000004,2663.432000000008,14.371668221231504,18532.517999999996,18532.517999999996,0.0,0.0,0.0001115999766625464,0.0028962999931536615,0.026283000013791025
S3,High Holding Cost,S3_Inst_096,11,25991.930000000004,3210.457000000002,14.092403068054477,22781.472999999998,22781.473,0.0,0.0,0.00010359997395426035,0.0036667000385932624,0.02902019995963201
S3,High Holding Cost,S3_Inst_097,11,27120.61,3620.896999999997,15.408260517905035,23499.713000000003,23499.713000000003,0.0,0.0,0.00017950002802535892,0.0038890999858267605,0.02754300000378862
S3,High Holding Cost,S3_Inst_098,12,23701.449999999997,2602.1349999999948,12.332793742356065,21099.314999999995,21099.315000000002,0.0,0.0,0.00012799998512491584,0.003721599990967661,0.02943070000037551
S3,High Holding Cost,S3_Inst_099,14,31033.660000000007,3527.683000000008,12.825150693611095,27505.977,27505.977,0.0,0.0,0.00012909999350085855,0.0033582000178284943,0.02443599997786805
S3,High Holding Cost,S3_Inst_100,12,29977.800000000003,3702.2609999999986,14.090142927229762,26275.538999999997,26275.539000000004,0.0,0.0,0.00016009999671950936,0.005087300029117614,0.022518399986438453
S4,Short Shelf / High Waste,S4_Inst_001,13,20032.78,1476.2609999999986,7.955484538883605,18556.519,18556.519,0.0,0.0,0.0001311999512836337,0.001527500047814101,0.013893599971197546
S4,Short Shelf / High Waste,S4_Inst_002,15,24342.320000000003,1971.9180000000051,8.81485276840356,22370.40200000001,22370.402,0.0,0.0,0.0001336000277660787,0.0013519999920390546,0.012586499971803278
S4,Short Shelf / High Waste,S4_Inst_003,13,22217.14,1679.6250000000036,8.178326345714192,20537.515,20537.514999999996,0.0,0.0,0.00011279998579993844,0.0012489999644458294,0.00857990002259612
S4,Short Shelf / High Waste,S4_Inst_004,11,21973.670000000006,1764.892000000007,8.733294017085088,20208.778,20208.778,0.0,0.0,9.220000356435776e-05,0.0009221000364050269,0.010867299977689981
S4,Short Shelf / High Waste,S4_Inst_005,13,22085.540000000005,1957.6740000000027,9.726187565040439,20127.865999999998,20127.866,0.0,0.0,0.0001230000052601099,0.001587799983099103,0.022231000009924173
S4,Short Shelf / High Waste,S4_Inst_006,11,18916.980000000003,1523.4270000000033,8.758572788434908,17393.552999999996,17393.553,0.0,0.0,0.00015630002599209547,0.0011999999987892807,0.08363439998356625
S4,Short Shelf / High Waste,S4_Inst_007,12,15363.550000000001,1363.247000000003,9.737267829132007,14000.303000000005,14000.302999999998,0.0,0.0,0.00013230001786723733,0.0015858999686315656,0.0322992000146769
S4,Short Shelf / High Waste,S4_Inst_008,15,22444.61000000001,1721.1020000000099,8.305070743814271,20723.508,20723.508,0.0,0.0,0.00014410004951059818,0.0019323999877087772,0.016178299963939935
S4,Short Shelf / High Waste,S4_Inst_009,16,27214.569999999996,1778.8189999999959,6.9933810879025975,25435.751,25435.751,0.0,0.0,0.00012400001287460327,0.0014926999574527144,0.015394599991850555
S4,Short Shelf / High Waste,S4_Inst_010,17,34979.81,2638.9089999999997,8.159664444722797,32340.90100000001,32340.900999999998,0.0,0.0,0.0001412000274285674,0.0019016999867744744,0.014542699966114014
S4,Short Shelf / High Waste,S4_Inst_011,16,21877.149999999987,1575.632999999987,7.761158932113236,20301.51699999999,20301.517,0.0,0.0,0.00013290002243593335,0.001715000020340085,0.016760199971031398
S4,Short Shelf / High Waste,S4_Inst_012,15,19662.610000000008,1684.7510000000111,9.371254941981753,17977.859000000004,17977.858999999997,0.0,0.0,0.00018909998470917344,0.002236999978777021,0.014007600024342537
S4,Short Shelf / High Waste,S4_Inst_013,12,22376.579999999998,2214.709999999999,10.984645769464832,20161.870000000003,20161.87,0.0,0.0,0.0001515000476501882,0.0015762999537400901,0.01157420000527054
S4,Short Shelf / High Waste,S4_Inst_014,17,27197.130000000005,2362.260000000002,9.511867789120707,24834.87000000001,24834.870000000003,0.0,0.0,0.00013339996803551912,0.0017750000115484,0.015034799987915903
S4,Short Shelf / High Waste,S4_Inst_015,13,18030.289999999997,1577.635999999995,9.588945345839004,16452.654000000002,16452.654000000002,0.0,0.0,0.00011909997556358576,0.0014435999910347164,0.015439899987541139
S4,Short Shelf / High Waste,S4_Inst_016,13,21886.05,1943.5910000000003,9.74599471409218,19942.459,19942.459,0.0,0.0,0.00011020002420991659,0.0012375999940559268,0.01424270001007244
S4,Short Shelf / High Waste,S4_Inst_017,12,17283.92,1423.8699999999972,8.977714446045233,15860.050000000003,15860.050000000001,0.0,0.0,0.00014230003580451012,0.001465099980123341,0.013799400010611862
S4,Short Shelf / High Waste,S4_Inst_018,15,24722.32,2342.6009999999987,10.467517487596687,22379.718999999997,22379.719,0.0,0.0,0.00012829998740926385,0.0014648999786004424,0.012826999998651445
S4,Short Shelf / High Waste,S4_Inst_019,17,26420.210000000006,2139.1470000000045,8.809939663679486,24281.063000000006,24281.063000000002,0.0,0.0,0.00021570001263171434,0.0025010999524965882,0.014890899998135865
S4,Short Shelf / High Waste,S4_Inst_020,14,21694.580000000005,1773.797000000006,8.904253412127455,19920.783000000003,19920.783,0.0,0.0,0.0001235000090673566,0.0012669999850913882,0.011125799966976047
S4,Short Shelf / High Waste,S4_Inst_021,12,19336.74,1429.5710000000036,7.9832328605376075,17907.168999999994,17907.168999999998,0.0,0.0,9.849999332800508e-05,0.0012061000452376902,0.010965800029225647
S4,Short Shelf / High Waste,S4_Inst_022,10,14302.770000000002,1110.3020000000015,8.416181111828367,13192.468000000003,13192.468,0.0,0.0,9.370001498609781e-05,0.0009885000181384385,0.01078620000043884
S4,Short Shelf / High Waste,S4_Inst_023,11,14661.310000000003,1508.9760000000024,11.473066301388045,13152.334,13152.334,0.0,0.0,0.00012049998622387648,0.0012098000152036548,0.013069799984805286
S4,Short Shelf / High Waste,S4_Inst_024,12,18703.579999999998,1555.6499999999978,9.071940461618388,17147.93,17147.93,0.0,0.0,0.0002057999954558909,0.0013495000312104821,0.009583199978806078
S4,Short Shelf / High Waste,S4_Inst_025,13,16506.270000000004,1077.5530000000072,6.984073918784092,15428.717,15428.716999999997,0.0,0.0,0.00012500002048909664,0.0012002000003121793,0.012091699987649918
S4,Short Shelf / High Waste,S4_Inst_026,13,19201.199999999997,1637.038999999997,9.320337020367765,17564.160999999996,17564.161,0.0,0.0,0.00011849997099488974,0.0015217000036500394,0.011240300023928285
S4,Short Shelf / High Waste,S4_Inst_027,10,13721.600000000002,1391.2430000000022,11.283071528261528,12330.357,12330.357,0.0,0.0,0.00010500004282221198,0.0012679000501520932,0.013407299993559718
S4,Short Shelf / High Waste,S4_Inst_028,13,23925.160000000003,1833.8320000000022,8.301139705136794,22091.327999999998,22091.328,0.0,0.0,0.00015630002599209547,0.001450000039767474,0.013349899963941425
S4,Short Shelf / High Waste,S4_Inst_029,17,23800.85,1921.0139999999992,8.779837289456829,21879.836,21879.836,0.0,0.0,0.00013290002243593335,0.0018918999703601003,0.01594190002651885
S4,Short Shelf / High Waste,S4_Inst_030,14,21592.809999999998,1974.958999999999,10.067152615238024,19617.851,19617.851,0.0,0.0,0.00011650001397356391,0.0014370999997481704,0.02304780000122264
S4,Short Shelf / High Waste,S4_Inst_031,17,27098.059999999994,2159.4479999999967,8.659054481460302,24938.611999999986,24938.611999999997,0.0,0.0,0.00021359999664127827,0.002106000029016286,0.01779419998638332
S4,Short Shelf / High Waste,S4_Inst_032,10,15178.390000000001,764.2060000000001,5.3017638736955215,14414.184000000001,14414.184000000001,0.0,0.0,0.00011059996904805303,0.0014359999913722277,0.009392500040121377
S4,Short Shelf / High Waste,S4_Inst_033,16,31749.80000000001,2902.9910000000127,10.063473571721618,28846.80900000001,28846.808999999997,0.0,0.0,0.00012529996456578374,0.001464500033762306,0.01499100000364706
S4,Short Shelf / High Waste,S4_Inst_034,10,10298.6,776.1730000000007,8.150999739877248,9522.427,9522.427,0.0,0.0,0.0001474000164307654,0.0010855000000447035,0.01001849997555837
S4,Short Shelf / High Waste,S4_Inst_035,12,20709.769999999997,1805.4219999999987,9.550300280126025,18904.347999999998,18904.347999999998,0.0,0.0,0.00010260002454742789,0.0014386000111699104,0.014841599971987307
S4,Short Shelf / High Waste,S4_Inst_036,11,19301.07,1965.3259999999973,11.336842537591679,17335.744,17335.744000000002,0.0,0.0,9.320001117885113e-05,0.0015712000313214958,0.015051200054585934
S4,Short Shelf / High Waste,S4_Inst_037,15,26474.81,1894.362000000001,7.706783863337238,24580.448000000008,24580.448,0.0,0.0,0.00019459996838122606,0.0016197999939322472,0.016193700022995472
S4,Short Shelf / High Waste,S4_Inst_038,11,19527.389999999992,1328.8769999999931,7.302118585183269,18198.513000000003,18198.513,0.0,0.0,0.0001238000113517046,0.0014451000024564564,0.012330400000791997
S4,Short Shelf / High Waste,S4_Inst_039,10,16867.67,1134.4259999999977,7.210375686031423,15733.243999999999,15733.244,0.0,0.0,0.00010070001007989049,0.0009412000072188675,0.008318599953781813
S4,Short Shelf / High Waste,S4_Inst_040,11,19653.859999999997,1722.204999999998,9.604272444456456,17931.655,17931.655,0.0,0.0,0.00010320002911612391,0.0012345999712124467,0.01309890003176406
S4,Short Shelf / High Waste,S4_Inst_041,12,15482.599999999997,1414.2549999999974,10.052746076386365,14068.344999999998,14068.345,0.0,0.0,0.00012430001515895128,0.0021023000008426607,0.013221100030932575
S4,Short Shelf / High Waste,S4_Inst_042,10,17894.679999999997,1685.4259999999958,10.397924543597107,16209.253999999999,16209.254,0.0,0.0,8.899997919797897e-05,0.001151299977209419,0.02115270000649616
S4,Short Shelf / High Waste,S4_Inst_043,10,12641.640000000003,1165.7270000000026,10.158032742144373,11475.913000000002,11475.913,0.0,0.0,8.939998224377632e-05,0.0021377000375650823,0.01930649997666478
S4,Short Shelf / High Waste,S4_Inst_044,11,23168.699999999993,2248.7389999999905,10.749250440763202,20919.960999999996,20919.961000000003,0.0,0.0,9.950000094249845e-05,0.0013741999864578247,0.020652999985031784
S4,Short Shelf / High Waste,S4_Inst_045,11,17834.849999999995,1532.8309999999947,9.402706499115201,16302.018999999998,16302.019,0.0,0.0,9.460002183914185e-05,0.0011488000163808465,0.016353199956938624
S4,Short Shelf / High Waste,S4_Inst_046,11,16522.87,1271.4789999999975,8.336806787000592,15251.391,15251.391000000001,0.0,0.0,0.00010679999832063913,0.0011455999920144677,0.014112600008957088
S4,Short Shelf / High Waste,S4_Inst_047,14,28115.670000000002,2306.5480000000025,8.936948726888124,25809.122000000007,25809.122,0.0,0.0,0.00011720001930370927,0.001583700010087341,0.027456800045911223
S4,Short Shelf / High Waste,S4_Inst_048,16,29004.819999999996,2187.2859999999964,8.156178715015319,26817.533999999996,26817.534,0.0,0.0,0.0001580000389367342,0.001727399998344481,0.0187020999728702
S4,Short Shelf / High Waste,S4_Inst_049,15,28107.37,1984.5400000000009,7.5969563787690735,26122.83,26122.829999999998,0.0,0.0,0.00012859998969361186,0.0015087999636307359,0.012218000018037856
S4,Short Shelf / High Waste,S4_Inst_050,11,18979.13,1712.6920000000027,9.919196999404296,17266.438000000002,17266.438,0.0,0.0,9.190000128000975e-05,0.001110200013499707,0.013540800020564348
S4,Short Shelf / High Waste,S4_Inst_051,17,27651.38,2168.530999999999,8.509766706226603,25482.849000000017,25482.849000000002,0.0,0.0,0.00013810000382363796,0.001706100010778755,0.018492400005925447
S4,Short Shelf / High Waste,S4_Inst_052,12,21626.960000000006,1748.9730000000054,8.79854182417971,19877.98700000001,19877.987,0.0,0.0,0.00014730001566931605,0.0014325999654829502,0.01392850000411272
S4,Short Shelf / High Waste,S4_Inst_053,16,24136.63,2027.0419999999976,9.168158176443619,22109.587999999996,22109.588000000003,0.0,0.0,0.00015930004883557558,0.0017405000398866832,0.018220199970528483
S4,Short Shelf / High Waste,S4_Inst_054,15,20198.340000000007,1696.9700000000084,9.172131577283242,18501.370000000006,18501.37,0.0,0.0,0.00013810000382363796,0.0016642999835312366,0.017943999962881207
S4,Short Shelf / High Waste,S4_Inst_055,15,26845.4,1738.8960000000043,6.9260778003978745,25106.504,25106.503999999997,0.0,0.0,0.00012420001439750195,0.0026331000262871385,0.02221209998242557
S4,Short Shelf / High Waste,S4_Inst_056,13,24986.219999999998,1837.9439999999995,7.939874226486671,23148.276000000013,23148.275999999998,0.0,0.0,0.0001218999968841672,0.0014082000125199556,0.01764119998551905
S4,Short Shelf / High Waste,S4_Inst_057,11,16033.13,1065.932999999999,7.121794414812601,14967.196999999998,14967.197,0.0,0.0,9.519996820017695e-05,0.0010707000037655234,0.01066020003054291
S4,Short Shelf / High Waste,S4_Inst_058,14,18783.86,1533.1850000000013,8.887681206677428,17250.675,17250.675,0.0,0.0,0.00011870003072544932,0.0013728999765589833,0.012145499989856035
S4,Short Shelf / High Waste,S4_Inst_059,12,14613.769999999999,1016.134,7.472872490482906,13597.636000000004,13597.635999999999,0.0,0.0,0.0004783999756909907,0.0011416000197641551,0.008530199993401766
S4,Short Shelf / High Waste,S4_Inst_060,16,30018.719999999998,2419.396999999997,8.766146184092984,27599.322999999993,27599.323,0.0,0.0,0.00012559996685013175,0.0016210000030696392,0.014634600025601685
S4,Short Shelf / High Waste,S4_Inst_061,17,22260.360000000004,2053.0100000000057,10.159719112105279,20207.34999999999,20207.35,0.0,0.0,0.0002654999843798578,0.0018041000002995133,0.014875799999572337
S4,Short Shelf / High Waste,S4_Inst_062,14,20070.739999999998,2040.2039999999943,11.31527093814623,18030.535999999996,18030.536000000004,0.0,0.0,0.00011420005466789007,0.0014643000322394073,0.013891100010368973
S4,Short Shelf / High Waste,S4_Inst_063,14,22655.28,1545.7930000000015,7.3227407184267514,21109.486999999994,21109.486999999997,0.0,0.0,0.0001493000308983028,0.0017337999888695776,0.013525800022762269
S4,Short Shelf / High Waste,S4_Inst_064,10,11332.960000000003,734.4760000000024,6.930009990108041,10598.484000000002,10598.484,0.0,0.0,8.570001227781177e-05,0.0008576999534852803,0.009798999992199242
S4,Short Shelf / High Waste,S4_Inst_065,10,20408.269999999997,1327.9419999999955,6.959744088256739,19080.328,19080.328,0.0,0.0,8.560001151636243e-05,0.0014350000419653952,0.009734500024933368
S4,Short Shelf / High Waste,S4_Inst_066,13,15717.140000000007,1233.2470000000085,8.51460998779823,14483.893000000005,14483.892999999998,0.0,0.0,0.00010599999222904444,0.0021022000000812113,0.010244200006127357
S4,Short Shelf / High Waste,S4_Inst_067,13,21510.820000000003,1607.9970000000103,8.079240819254691,19902.822999999997,19902.822999999993,0.0,0.0,0.00014189997455105186,0.0012106999638490379,0.0151227000169456
S4,Short Shelf / High Waste,S4_Inst_068,17,24109.49000000001,2145.1720000000096,9.766622391826642,21964.318,21964.318,0.0,0.0,0.00013290002243593335,0.002324200002476573,0.015941199962981045
S4,Short Shelf / High Waste,S4_Inst_069,13,20114.849999999995,1315.7289999999994,6.998885745775027,18799.120999999996,18799.120999999996,0.0,0.0,0.0001309000072069466,0.001402100024279207,0.012134599965065718
S4,Short Shelf / High Waste,S4_Inst_070,12,15209.339999999998,1526.741,11.158267519204504,13682.599,13682.598999999998,0.0,0.0,0.00010469998233020306,0.0020413000020198524,0.011927899962756783
S4,Short Shelf / High Waste,S4_Inst_071,10,15192.660000000003,1164.1440000000039,8.298411606758718,14028.515999999998,14028.516,0.0,0.0,9.089999366551638e-05,0.001658199995290488,0.01132089999737218
S4,Short Shelf / High Waste,S4_Inst_072,17,25807.4,2089.7140000000036,8.810783648961387,23717.685999999994,23717.685999999998,0.0,0.0,0.00013870000839233398,0.0017466999706812203,0.015566500020213425
S4,Short Shelf / High Waste,S4_Inst_073,16,24545.139999999996,2600.898999999994,11.852307856079387,21944.241000000005,21944.241,0.0,0.0,0.00019300001440569758,0.0019146999693475664,0.01629020000109449
S4,Short Shelf / High Waste,S4_Inst_074,14,25025.08000000001,1649.6050000000105,7.056990285758944,23375.475,23375.475,0.0,0.0,0.0001647999742999673,0.002003600005991757,0.015262699977029115
S4,Short Shelf / High Waste,S4_Inst_075,17,26386.140000000003,2028.4600000000064,8.327804618502283,24357.679999999997,24357.679999999997,0.0,0.0,0.00014260003808885813,0.0017989999614655972,0.016602200048509985
S4,Short Shelf / High Waste,S4_Inst_076,12,18954.93,1569.6160000000018,9.028401787853827,17385.314,17385.314,0.0,0.0,0.00010080001084133983,0.0013358999858610332,0.01939269999274984
S4,Short Shelf / High Waste,S4_Inst_077,17,26486.510000000006,2047.979000000003,8.380123175161398,24438.53099999999,24438.531000000003,0.0,0.0,0.00015119998715817928,0.0019709999905899167,0.017105800041463226
S4,Short Shelf / High Waste,S4_Inst_078,16,24172.679999999997,2151.547999999999,9.770378743472403,22021.132,22021.131999999998,0.0,0.0,0.0011581999715417624,0.0024548000073991716,0.015525399998296052
S4,Short Shelf / High Waste,S4_Inst_079,10,15323.969999999996,1183.8319999999949,8.372138942349748,14140.138000000003,14140.138,0.0,0.0,9.009998757392168e-05,0.0009938000002875924,0.010020999994594604
S4,Short Shelf / High Waste,S4_Inst_080,14,27421.21999999999,1541.3959999999934,5.955975589323921,25879.82400000001,25879.823999999997,0.0,0.0,0.00011449999874457717,0.0013121000374667346,0.013530800002627075
S4,Short Shelf / High Waste,S4_Inst_081,15,23603.420000000002,1941.5240000000013,8.962853482446786,21661.896000000004,21661.896,0.0,0.0,0.00012390001211315393,0.0017175999819301069,0.0150916000129655
S4,Short Shelf / High Waste,S4_Inst_082,17,28250.570000000007,2503.195000000007,9.72213672267564,25747.375000000004,25747.375,0.0,0.0,0.00013459997717291117,0.0018228000262752175,0.016139699961058795
S4,Short Shelf / High Waste,S4_Inst_083,17,20942.640000000007,1609.0130000000063,8.322354620785879,19333.627000000004,19333.627,0.0,0.0,0.00019260001135990024,0.0033283999655395746,0.01327649998711422
S4,Short Shelf / High Waste,S4_Inst_084,11,20291.019999999997,1529.479999999996,8.152209253611355,18761.539999999994,18761.54,0.0,0.0,0.00011020002420991659,0.0017914000200107694,0.010161100013647228
S4,Short Shelf / High Waste,S4_Inst_085,13,17801.310000000005,1632.2300000000068,10.094761111949516,16169.080000000004,16169.079999999998,0.0,0.0,0.00011329998960718513,0.0014823999954387546,0.016858000017236918
S4,Short Shelf / High Waste,S4_Inst_086,11,14785.959999999997,1016.0239999999958,7.378567336841621,13769.936000000003,13769.936000000002,0.0,0.0,0.00012779998360201716,0.0024474000092595816,0.01144079997902736
S4,Short Shelf / High Waste,S4_Inst_087,15,24409.550000000007,2147.712000000007,9.647505295834094,22261.837999999996,22261.838,0.0,0.0,0.0001309000072069466,0.0020758999744430184,0.014723800006322563
S4,Short Shelf / High Waste,S4_Inst_088,10,12014.71,841.5959999999977,7.5323316310922594,11173.113999999998,11173.114000000001,0.0,0.0,8.709996473044157e-05,0.0012970000389032066,0.012059799977578223
S4,Short Shelf / High Waste,S4_Inst_089,11,20727.92,1767.1589999999997,9.320084779297623,18960.761,18960.761,0.0,0.0,9.629997657611966e-05,0.0012379999971017241,0.012480400037020445
S4,Short Shelf / High Waste,S4_Inst_090,17,19082.43000000001,1654.4420000000064,9.493017782660889,17427.988000000005,17427.988000000005,0.0,0.0,0.00012919999426230788,0.0016657999949529767,0.01699119998374954
S4,Short Shelf / High Waste,S4_Inst_091,15,26514.7,1809.7540000000045,7.32547239730864,24704.945999999993,24704.945999999996,0.0,0.0,0.00012060004519298673,0.0016633999766781926,0.011896600015461445
S4,Short Shelf / High Waste,S4_Inst_092,17,28757.60999999999,1964.1309999999867,7.3306307105545585,26793.478999999996,26793.479000000003,0.0,0.0,0.0001569000305607915,0.00184009998338297,0.01942679996136576
S4,Short Shelf / High Waste,S4_Inst_093,16,23095.979999999992,2057.6569999999956,9.780518152516224,21038.322999999986,21038.322999999997,0.0,0.0,0.00013230001786723733,0.0015635999734513462,0.014327900018543005
S4,Short Shelf / High Waste,S4_Inst_094,15,26927.570000000003,2459.6500000000015,10.052550441557766,24467.920000000006,24467.920000000002,0.0,0.0,0.0001547999563626945,0.0018583000055514276,0.01548290002392605
S4,Short Shelf / High Waste,S4_Inst_095,16,23440.449999999997,1826.6939999999995,8.451534291402197,21613.756,21613.755999999998,0.0,0.0,0.000132200017105788,0.0017140000127255917,0.01438179996330291
S4,Short Shelf / High Waste,S4_Inst_096,14,25890.50000000001,1774.0070000000087,7.355990773617078,24116.492999999995,24116.493000000002,0.0,0.0,0.00013000000035390258,0.0015447000041604042,0.015814299986232072
S4,Short Shelf / High Waste,S4_Inst_097,13,20175.48,1707.7800000000025,9.24738868402672,18467.700000000004,18467.699999999997,0.0,0.0,0.00011630001245066524,0.0014602000010199845,0.012452599999960512
S4,Short Shelf / High Waste,S4_Inst_098,16,28026.169999999995,2054.5949999999975,7.910937245815849,25971.575000000008,25971.574999999997,0.0,0.0,0.00012310000602155924,0.0014884999836795032,0.01640429999679327
S4,Short Shelf / High Waste,S4_Inst_099,13,18543.44,1190.0170000000035,6.857534677740546,17353.422999999995,17353.422999999995,0.0,0.0,0.00012069998774677515,0.0013984999968670309,0.01566370000364259
S4,Short Shelf / High Waste,S4_Inst_100,17,26806.409999999993,2237.87899999999,9.108721233678928,24568.531000000014,24568.531000000003,0.0,0.0,0.00014509999891743064,0.0016380000161007047,0.026420400012284517
S5,Stable Bulk Commodities,S5_Inst_001,11,29135.89,3498.331999999995,13.645340168513687,25637.558,25637.558000000005,0.0,0.0,0.0001002000062726438,0.0016540999640710652,0.015994600020349026
S5,Stable Bulk Commodities,S5_Inst_002,11,26367.44,3308.703999999998,14.349025896302372,23058.736,23058.736,0.0,0.0,0.00013800000306218863,0.0016160999657586217,0.018998300016392022
S5,Stable Bulk Commodities,S5_Inst_003,13,34245.31,4532.137999999992,15.252959192643555,29713.172000000006,29713.172000000006,0.0,0.0,0.0001962999813258648,0.0021927999914623797,0.013340200006496161
S5,Stable Bulk Commodities,S5_Inst_004,14,23447.129999999997,3357.1069999999963,16.710319346075394,20090.023000000005,20090.023,0.0,0.0,0.00021569995442405343,0.00393530004657805,0.01582960004452616
S5,Stable Bulk Commodities,S5_Inst_005,15,29349.420000000002,4031.546000000002,15.923714605736652,25317.87400000001,25317.874,0.0,0.0,0.00012610002886503935,0.002275100036058575,0.01724020001711324
S5,Stable Bulk Commodities,S5_Inst_006,13,19834.67000000001,3043.99500000001,18.12908057597452,16790.675000000003,16790.675,0.0,0.0,0.00015570002142339945,0.0013116999762132764,0.01312710001366213
S5,Stable Bulk Commodities,S5_Inst_007,16,33233.58,4675.850000000006,16.373325190762735,28557.729999999996,28557.729999999996,0.0,0.0,0.00020240002777427435,0.0018978000152856112,0.015935200033709407
S5,Stable Bulk Commodities,S5_Inst_008,16,30341.57999999999,4235.582999999995,16.22455943743499,26105.997,26105.996999999996,0.0,0.0,0.0001341000315733254,0.0034617999917827547,0.016993500001262873
S5,Stable Bulk Commodities,S5_Inst_009,19,51527.02,6801.658999999992,15.207611180600624,44725.361000000004,44725.361000000004,0.0,0.0,0.000264100031927228,0.0031275999499484897,0.01974120002705604
S5,Stable Bulk Commodities,S5_Inst_010,13,31385.069999999996,4466.720000000001,16.593587645602355,26918.35,26918.349999999995,0.0,0.0,0.00011259998427703977,0.0022997999913059175,0.01679419999709353
S5,Stable Bulk Commodities,S5_Inst_011,10,21288.569999999996,2873.1919999999955,15.602134259747451,18415.378000000008,18415.378,0.0,0.0,9.430001955479383e-05,0.001433999976143241,0.015920800040476024
S5,Stable Bulk Commodities,S5_Inst_012,11,23094,2612.860999999997,12.757400845724435,20481.13900000001,20481.139000000003,0.0,0.0,0.00011840002844110131,0.0022615999914705753,0.014688099967315793
S5,Stable Bulk Commodities,S5_Inst_013,17,39629.049999999996,4905.364999999998,14.126856063807738,34723.685,34723.685,0.0,0.0,0.00013830000534653664,0.002375699987169355,0.01781920000212267
S5,Stable Bulk Commodities,S5_Inst_014,19,37348.68,5169.241999999998,16.063804470419893,32179.437999999995,32179.438000000002,0.0,0.0,0.0003464000183157623,0.0043311999761499465,0.03322739998111501
S5,Stable Bulk Commodities,S5_Inst_015,20,40360.029999999984,5652.071999999978,16.284657253532394,34707.95799999999,34707.958000000006,0.0,0.0,0.0001566999708302319,0.00280920002842322,0.026582499966025352
S5,Stable Bulk Commodities,S5_Inst_016,18,40026.46000000001,5302.959999999999,15.271962791769258,34723.5,34723.50000000001,0.0,0.0,0.0008810999570414424,0.0030057000112719834,0.022601199976634234
S5,Stable Bulk Commodities,S5_Inst_017,18,35976.33,4627.0999999999985,14.759852155858367,31349.23,31349.230000000003,0.0,0.0,0.00015110004460439086,0.0028145999531261623,0.024481800035573542
S5,Stable Bulk Commodities,S5_Inst_018,10,17668.99,2265.3560000000016,14.706633512585418,15403.634000000002,15403.634,0.0,0.0,9.020004654303193e-05,0.001429299998562783,0.016781499958597124
S5,Stable Bulk Commodities,S5_Inst_019,13,28896.760000000002,4428.192000000003,18.097471008520003,24468.567999999996,24468.568,0.0,0.0,0.00013890000991523266,0.0018898999551311135,0.01567849999992177
S5,Stable Bulk Commodities,S5_Inst_020,14,25176.06,3282.6460000000043,14.993760223965092,21893.414,21893.413999999997,0.0,0.0,0.0001210999907925725,0.0024468000046908855,0.017482199997175485
S5,Stable Bulk Commodities,S5_Inst_021,11,23475.87,3057.485999999997,14.974182090022389,20418.384000000002,20418.384000000002,0.0,0.0,0.00012280000373721123,0.0016213000053539872,0.02012309996644035
S5,Stable Bulk Commodities,S5_Inst_022,13,30878.36999999999,4229.174999999992,15.869803947173608,26649.194999999996,26649.195,0.0,0.0,0.00047829997492954135,0.003524300002027303,0.01613030000589788
S5,Stable Bulk Commodities,S5_Inst_023,10,20628.35,2941.821,16.633116650531036,17686.528999999995,17686.529,0.0,0.0,0.00010030000703409314,0.0014825999969616532,0.009706499986350536
S5,Stable Bulk Commodities,S5_Inst_024,15,32577.330000000005,4722.391000000003,16.953514060827786,27854.938999999995,27854.939000000002,0.0,0.0,0.00013599998783320189,0.004758399969432503,0.024137500033248216
S5,Stable Bulk Commodities,S5_Inst_025,11,24156.99,3090.5220000000045,14.670337713944287,21066.467999999997,21066.467999999997,0.0,0.0,9.760004468262196e-05,0.0016873000422492623,0.016736599965952337
S5,Stable Bulk Commodities,S5_Inst_026,18,33948.41,4344.523000000005,14.675515414580541,29603.887,29603.887,0.0,0.0,0.00016950001008808613,0.002668100001756102,0.028878899989649653
S5,Stable Bulk Commodities,S5_Inst_027,17,45593.22000000001,6163.182000000008,15.63067730241601,39430.03799999999,39430.038,0.0,0.0,0.00020489998860284686,0.003529900044668466,0.015616600052453578
S5,Stable Bulk Commodities,S5_Inst_028,14,27146.39000000001,3754.428000000011,16.050077372731756,23391.962000000007,23391.962,0.0,0.0,0.00012019998393952847,0.0017867999849840999,0.03021709999302402
S5,Stable Bulk Commodities,S5_Inst_029,16,40189.23000000001,5093.994000000013,14.514773458141194,35095.236,35095.236,0.0,0.0,0.00013500003842636943,0.0025999000063166022,0.016614299966022372
S5,Stable Bulk Commodities,S5_Inst_030,10,18827.290000000005,2860.587000000007,17.91595296787325,15966.703000000001,15966.702999999998,0.0,0.0,0.00010110001312568784,0.0041114999912679195,0.01067059999331832
S5,Stable Bulk Commodities,S5_Inst_031,17,42795.26000000001,6126.1660000000265,16.7066194763362,36669.094000000005,36669.09399999998,0.0,0.0,0.00014950003242120147,0.003913900000043213,0.020153199962805957
S5,Stable Bulk Commodities,S5_Inst_032,18,39612.79999999999,5791.810999999987,17.124901344546686,33820.98900000001,33820.989,0.0,0.0,0.00020520004909485579,0.0030462000286206603,0.02812239999184385
S5,Stable Bulk Commodities,S5_Inst_033,10,18704.500000000004,2769.1470000000045,17.377380971729995,15935.353000000005,15935.353,0.0,0.0,0.00013130001025274396,0.0016318999696522951,0.021668000030331314
S5,Stable Bulk Commodities,S5_Inst_034,14,32037.37,3970.601999999999,14.146986927743155,28066.767999999996,28066.768,0.0,0.0,0.00016850000247359276,0.002189000020734966,0.01321579999057576
S5,Stable Bulk Commodities,S5_Inst_035,16,31612.82999999999,4937.268999999989,18.50858544268287,26675.560999999998,26675.561,0.0,0.0,0.00014189997455105186,0.002620499988552183,0.06324480002513155
S5,Stable Bulk Commodities,S5_Inst_036,12,26752.25999999999,3667.4229999999916,15.886718195151179,23084.836999999996,23084.837,0.0,0.0,0.00010790000669658184,0.0018376000225543976,0.014128899958450347
S5,Stable Bulk Commodities,S5_Inst_037,19,45910.57000000001,6185.844000000012,15.571772603289983,39724.725999999995,39724.725999999995,0.0,0.0,0.00015590002294629812,0.0031114999437704682,0.04795980005292222
S5,Stable Bulk Commodities,S5_Inst_038,15,42075.09,6072.343999999997,16.8663356956161,36002.74600000002,36002.746,0.0,0.0,0.00014780001947656274,0.0030562999891117215,0.019720499985851347
S5,Stable Bulk Commodities,S5_Inst_039,10,20919.3,3169.428,17.8560611592016,17749.872000000003,17749.872,0.0,0.0,9.390001650899649e-05,0.002249899960588664,0.014781100035179406
S5,Stable Bulk Commodities,S5_Inst_040,15,40831.66,6124.32,17.645604647316674,34707.34,34707.340000000004,0.0,0.0,0.00012849998893216252,0.002941099985036999,0.012912500009406358
S5,Stable Bulk Commodities,S5_Inst_041,15,33811.780000000006,4646.822000000007,15.93289453734172,29164.958000000006,29164.958,0.0,0.0,0.0001233000075444579,0.003789599984884262,0.022780500003136694
S5,Stable Bulk Commodities,S5_Inst_042,18,30313.41,4076.235999999997,15.53610918614938,26237.173999999988,26237.174000000003,0.0,0.0,0.00016459997277706861,0.0028084000223316252,0.023883799964096397
S5,Stable Bulk Commodities,S5_Inst_043,11,19770.92,2703.8899999999994,15.842768191067805,17067.03,17067.03,0.0,0.0,0.0002568999771028757,0.0023065999848768115,0.014779200020711869
S5,Stable Bulk Commodities,S5_Inst_044,19,39664.270000000004,5237.977000000006,15.215047986723423,34426.293000000005,34426.293,0.0,0.0,0.00020640000002458692,0.003224099986255169,0.018446800007950515
S5,Stable Bulk Commodities,S5_Inst_045,20,41716.37000000001,6382.797000000006,18.064397280173182,35333.573,35333.573000000004,0.0,0.0,0.0001626999583095312,0.0029693000251427293,0.023445900005754083
S5,Stable Bulk Commodities,S5_Inst_046,10,28612.089999999997,4192.935999999994,17.170684946743012,24419.154000000002,24419.154000000002,0.0,0.0,9.34000127017498e-05,0.0018380999681539834,0.012597900000400841
S5,Stable Bulk Commodities,S5_Inst_047,20,42653.61000000001,5462.083000000013,14.686363912941822,37191.526999999995,37191.526999999995,0.0,0.0,0.0004027000395581126,0.003948599973227829,0.02167719998396933
S5,Stable Bulk Commodities,S5_Inst_048,15,31883.460000000003,4794.929000000004,17.70095617218964,27088.531,27088.531,0.0,0.0,0.00025260000256821513,0.003075999964494258,0.02738630003295839
S5,Stable Bulk Commodities,S5_Inst_049,12,27264.459999999992,3900.9069999999956,16.696548679903252,23363.55300000001,23363.552999999996,0.0,0.0,0.00010699999984353781,0.0017373999580740929,0.013659999996889383
S5,Stable Bulk Commodities,S5_Inst_050,18,27453.250000000004,3967.5990000000056,16.8937152306317,23485.651000000005,23485.650999999998,0.0,0.0,0.00016150000737980008,0.002994899987243116,0.02579340001102537
S5,Stable Bulk Commodities,S5_Inst_051,17,45174.97,6283.426000000007,16.15627808451114,38891.544,38891.543999999994,0.0,0.0,0.00014650000957772136,0.0031143000232987106,0.017056900018360466
S5,Stable Bulk Commodities,S5_Inst_052,13,18245.5,2315.3139999999985,14.534130361064198,15930.185999999996,15930.186000000002,0.0,0.0,0.00011099997209385037,0.0016672000056132674,0.014388200012035668
S5,Stable Bulk Commodities,S5_Inst_053,11,21117.959999999995,3165.1599999999926,17.630453188360544,17952.800000000003,17952.800000000003,0.0,0.0,0.0002581999870017171,0.0015363999991677701,0.01471229997696355
S5,Stable Bulk Commodities,S5_Inst_054,10,18945.449999999997,2451.2549999999974,14.861319391458617,16494.195,16494.195,0.0,0.0,0.0001078000059351325,0.0011499999673105776,0.013586600020062178
S5,Stable Bulk Commodities,S5_Inst_055,19,29851.650000000005,4207.439000000006,16.406973878042127,25644.211,25644.211,0.0,0.0,0.00039850000757724047,0.0028275000513531268,0.034793099970556796
S5,Stable Bulk Commodities,S5_Inst_056,10,34019.11000000001,4768.202000000005,16.301039270302326,29250.90800000001,29250.908000000003,0.0,0.0,9.629997657611966e-05,0.001816999982111156,0.01801910001086071
S5,Stable Bulk Commodities,S5_Inst_057,11,16276.41,1996.8110000000015,13.983662986614693,14279.599,14279.598999999998,0.0,0.0,0.0001775999553501606,0.0012986999936401844,0.014248199993744493
S5,Stable Bulk Commodities,S5_Inst_058,11,17490.72,2404.980000000003,15.94207509873565,15085.740000000002,15085.739999999998,0.0,0.0,9.519996820017695e-05,0.0015149000100791454,0.013622700003907084
S5,Stable Bulk Commodities,S5_Inst_059,17,39135.38999999999,5765.620999999985,17.2779769617224,33369.76899999999,33369.76900000001,0.0,0.0,0.0001621000119484961,0.003411600016988814,0.017563899978995323
S5,Stable Bulk Commodities,S5_Inst_060,16,27772.64000000001,3808.372000000014,15.891877022907666,23964.267999999996,23964.267999999996,0.0,0.0,0.00013930001296103,0.00362099998164922,0.044326200033538043
S5,Stable Bulk Commodities,S5_Inst_061,17,37134.88,5304.959999999999,16.666582888049984,31829.919999999995,31829.92,0.0,0.0,0.00015009997878223658,0.0032750999671407044,0.0185912000015378
S5,Stable Bulk Commodities,S5_Inst_062,14,44056.36999999999,6342.568999999996,16.81763394784842,37713.801,37713.80099999999,0.0,0.0,0.0001802999759092927,0.005255600030068308,0.019705999991856515
S5,Stable Bulk Commodities,S5_Inst_063,16,37339.95000000001,5297.99400000001,16.534552385004243,32041.956,32041.956000000002,0.0,0.0,0.00014189997455105186,0.002292199991643429,0.01986070000566542
S5,Stable Bulk Commodities,S5_Inst_064,20,45588.74999999997,6800.561999999976,17.532559138880053,38788.187999999995,38788.187999999995,0.0,0.0,0.0002367999986745417,0.005051299987826496,0.02363900002092123
S5,Stable Bulk Commodities,S5_Inst_065,12,34556.40000000001,4755.821000000004,15.958820800092518,29800.578999999998,29800.579000000005,0.0,0.0,0.00011040002573281527,0.0015860999701544642,0.016522200021427125
S5,Stable Bulk Commodities,S5_Inst_066,14,26316.500000000004,4009.358000000004,17.973427523794864,22307.142000000007,22307.142,0.0,0.0,0.00011999998241662979,0.0020721000037156045,0.016618499998003244
S5,Stable Bulk Commodities,S5_Inst_067,10,20357.4,2842.8719999999994,16.23150792302253,17514.528000000002,17514.528000000002,0.0,0.0,9.029998909682035e-05,0.0020212000235915184,0.0118277000146918
S5,Stable Bulk Commodities,S5_Inst_068,13,24739.250000000007,3390.8170000000064,15.883212599257316,21348.432999999994,21348.433,0.0,0.0,0.0001094000181183219,0.0018782000406645238,0.017299800005275756
S5,Stable Bulk Commodities,S5_Inst_069,17,41069.16,5249.198000000004,14.654392989026633,35819.96199999999,35819.962,0.0,0.0,0.0001556000206619501,0.0038984999991953373,0.0221216999925673
S5,Stable Bulk Commodities,S5_Inst_070,10,26446.69999999999,3368.07699999999,14.59392529614956,23078.622999999996,23078.623,0.0,0.0,9.159999899566174e-05,0.0015722999814897776,0.01415820000693202
S5,Stable Bulk Commodities,S5_Inst_071,14,27079.990000000005,3861.08400000001,16.62905220426841,23218.906000000003,23218.905999999995,0.0,0.0,0.00011749996338039637,0.0020455000340007246,0.02499469998292625
S5,Stable Bulk Commodities,S5_Inst_072,14,30568.120000000014,4723.854000000014,18.278151138051335,25844.26600000001,25844.266,0.0,0.0,0.00032130000181496143,0.002813700004480779,0.033273400040343404
S5,Stable Bulk Commodities,S5_Inst_073,15,24516.679999999997,3384.2729999999974,16.014612060045962,21132.407000000007,21132.407,0.0,0.0,0.00013310002395883203,0.0030165999778546393,0.02877120004268363
S5,Stable Bulk Commodities,S5_Inst_074,16,34148.19999999999,4667.962999999989,15.834211237853985,29480.236999999997,29480.237,0.0,0.0,0.00016579998191446066,0.0028248000307939947,0.021154799964278936
S5,Stable Bulk Commodities,S5_Inst_075,20,31572.560000000005,4213.767000000011,15.401874636794144,27358.792999999998,27358.792999999994,0.0,0.0,0.00028000003658235073,0.0032026999979279935,0.034525199967902154
S5,Stable Bulk Commodities,S5_Inst_076,14,29608.44999999999,3791.894999999993,14.687842742767165,25816.555,25816.554999999997,0.0,0.0,0.00013999996008351445,0.004821400041691959,0.022598500014282763
S5,Stable Bulk Commodities,S5_Inst_077,16,29529.120000000003,4492.357000000004,17.943042397293947,25036.762999999995,25036.763,0.0,0.0,0.00015590002294629812,0.0025913999998010695,0.017680799996014684
S5,Stable Bulk Commodities,S5_Inst_078,10,17551.14,2557.9410000000007,17.060675310185644,14993.199,14993.198999999999,0.0,0.0,9.440002031624317e-05,0.001006999984383583,0.012780899996869266
S5,Stable Bulk Commodities,S5_Inst_079,16,44855.72,6049.483999999997,15.588948126790747,38806.236,38806.236000000004,0.0,0.0,0.00015209999401122332,0.004527499957475811,0.023940699989907444
S5,Stable Bulk Commodities,S5_Inst_080,12,25007.840000000004,3373.8480000000054,15.595124561384722,21633.992000000006,21633.992,0.0,0.0,0.0001365999924018979,0.002074000018183142,0.01879110001027584
S5,Stable Bulk Commodities,S5_Inst_081,15,29613.27000000001,3538.8870000000134,13.572275133030045,26074.383,26074.382999999998,0.0,0.0,0.0002136999974027276,0.0028006999637000263,0.030066700011957437
S5,Stable Bulk Commodities,S5_Inst_082,17,36739.34,4594.947,14.29470763376991,32144.393000000004,32144.392999999996,0.0,0.0,0.000152299995534122,0.00303129997337237,0.03081430000020191
S5,Stable Bulk Commodities,S5_Inst_083,14,26969.799999999996,3870.3489999999947,16.755155782706673,23099.451000000005,23099.451,0.0,0.0,0.00013179995585232973,0.002272700017783791,0.025441200006753206
S5,Stable Bulk Commodities,S5_Inst_084,14,22886.139999999996,3284.0369999999966,16.753493234884015,19602.103000000003,19602.103,0.0,0.0,0.00012320000678300858,0.002446900005452335,0.02292349998606369
S5,Stable Bulk Commodities,S5_Inst_085,10,23480.74,3080.978000000003,15.103009535111259,20399.762,20399.762,0.0,0.0,0.00012859998969361186,0.004759100032970309,0.014299899979960173
S5,Stable Bulk Commodities,S5_Inst_086,19,41245.770000000004,5404.345000000008,15.078488090247552,35841.425,35841.424999999996,0.0,0.0,0.0005476000369526446,0.002874899946618825,0.022408300021197647
S5,Stable Bulk Commodities,S5_Inst_087,13,32296.540000000008,4865.856000000007,17.73873374794448,27430.684,27430.684,0.0,0.0,0.00011940003605559468,0.002054799988400191,0.015612299961503595
S5,Stable Bulk Commodities,S5_Inst_088,18,40848.94,6040.3369999999995,17.35300034879308,34808.60299999999,34808.603,0.0,0.0,0.00016500003403052688,0.0027794999768957496,0.023787499987520278
S5,Stable Bulk Commodities,S5_Inst_089,10,25356.480000000003,3643.0280000000057,16.7777468087525,21713.451999999997,21713.451999999997,0.0,0.0,0.00015799998072907329,0.001901599986013025,0.020577099989168346
S5,Stable Bulk Commodities,S5_Inst_090,19,34682.66999999999,4912.046999999988,16.499644632898637,29770.623000000018,29770.623000000003,0.0,0.0,0.00015510001685470343,0.003997099993284792,0.02247309999074787
S5,Stable Bulk Commodities,S5_Inst_091,17,35571.73,5591.516,18.650687416707562,29980.214000000004,29980.214000000004,0.0,0.0,0.00025399995502084494,0.003877100010868162,0.022911000007297844
S5,Stable Bulk Commodities,S5_Inst_092,19,41398.03999999999,6004.714999999989,16.965670786793805,35393.325000000004,35393.325000000004,0.0,0.0,0.00016270001651719213,0.004904599976725876,0.020423099980689585
S5,Stable Bulk Commodities,S5_Inst_093,18,45097.59999999999,6161.525999999991,15.824723365791812,38936.07400000001,38936.074,0.0,0.0,0.0001550999586470425,0.0030750000150874257,0.018188500020187348
S5,Stable Bulk Commodities,S5_Inst_094,18,37502.88,4852.958999999995,14.863616362195778,32649.921000000002,32649.921000000002,0.0,0.0,0.00014920003013685346,0.003153199970256537,0.04429079999681562
S5,Stable Bulk Commodities,S5_Inst_095,11,39178.46000000001,5763.451000000008,17.248090521238552,33415.009,33415.009,0.0,0.0,0.00010639999527484179,0.002153900044504553,0.013765199983026832
S5,Stable Bulk Commodities,S5_Inst_096,10,18871.79,2574.0690000000013,15.794042614915307,16297.721000000003,16297.721,0.0,0.0,8.919998072087765e-05,0.0014863000251352787,0.011917399999219924
S5,Stable Bulk Commodities,S5_Inst_097,14,35102.450000000004,5123.422000000002,17.090020396925485,29979.028000000006,29979.028000000002,0.0,0.0,0.00012320000678300858,0.0021932999952696264,0.018852400011382997
S5,Stable Bulk Commodities,S5_Inst_098,16,31245.65,4399.279999999999,16.38687092519398,26846.370000000006,26846.370000000003,0.0,0.0,0.00015979999443516135,0.0031471000402234495,0.02329509996343404
S5,Stable Bulk Commodities,S5_Inst_099,15,35883.23999999999,4821.460999999985,15.522166325373648,31061.779000000002,31061.779000000006,0.0,0.0,0.00012769998284056783,0.002563400019425899,0.015736499975901097
S5,Stable Bulk Commodities,S5_Inst_100,19,47267.19,6451.432000000008,15.806228564957703,40815.75800000002,40815.757999999994,0.0,0.0,0.000175400055013597,0.003173500008415431,0.026304099999833852
S6,Fresh Perishables,S6_Inst_001,10,15549.359999999999,1157.7399999999998,8.044542587978281,14391.620000000003,14391.619999999999,0.0,0.0,0.00010360003216192126,0.0009997999877668917,0.004307400027755648
S6,Fresh Perishables,S6_Inst_002,10,19314.28,2025.6800000000003,11.716853880591838,17288.6,17288.6,0.0,0.0,9.290000889450312e-05,0.0006178999901749194,0.004384400031995028
S6,Fresh Perishables,S6_Inst_003,10,20097.570000000003,1960.3400000000038,10.808375920689123,18137.229999999996,18137.23,0.0,0.0,7.810001261532307e-05,0.0005044999998062849,0.005135599989444017
S6,Fresh Perishables,S6_Inst_004,10,26171.8,1867.569999999996,7.684135642231809,24304.230000000003,24304.230000000003,0.0,0.0,0.00011690001701936126,0.000694699992891401,0.004755200003273785
S6,Fresh Perishables,S6_Inst_005,10,13793.030000000004,1288.020000000006,10.300031747275739,12505.010000000002,12505.009999999998,0.0,0.0,8.970004273578525e-05,0.0006085999775677919,0.0045136999688111246
S6,Fresh Perishables,S6_Inst_006,10,15859.700000000003,986.4700000000012,6.632520306618004,14873.230000000001,14873.230000000001,0.0,0.0,9.42000187933445e-05,0.0005799999926239252,0.0067128000082448125
S6,Fresh Perishables,S6_Inst_007,10,19622.51,1294.260000000002,7.061557977439212,18328.25,18328.249999999996,0.0,0.0,8.319999324157834e-05,0.0005295000155456364,0.003947200020775199
S6,Fresh Perishables,S6_Inst_008,10,19365.75,1733.2200000000012,9.829672769591213,17632.53,17632.53,0.0,0.0,8.47000046633184e-05,0.0005389999714680016,0.004506200028117746
S6,Fresh Perishables,S6_Inst_009,10,18569.51,1824.9299999999967,10.89863107942986,16744.579999999994,16744.58,0.0,0.0,8.79999715834856e-05,0.0005360000068321824,0.00667610001983121
S6,Fresh Perishables,S6_Inst_010,10,22491.04,2148.800000000003,10.563241806212114,20342.239999999998,20342.239999999998,0.0,0.0,8.709996473044157e-05,0.0005404000403359532,0.004301599983591586
S6,Fresh Perishables,S6_Inst_011,10,23729.780000000006,2387.860000000004,11.188590342387208,21341.92,21341.920000000002,0.0,0.0,8.670001989230514e-05,0.0005323999794200063,0.004169600026216358
S6,Fresh Perishables,S6_Inst_012,10,21002.56,1942.0499999999993,10.188866929583726,19060.510000000006,19060.510000000002,0.0,0.0,0.0009447000338695943,0.0011671999818645418,0.007614400004968047
S6,Fresh Perishables,S6_Inst_013,10,16714.129999999997,1108.069999999998,7.100254644670071,15606.06,15606.06,0.0,0.0,0.0001449999981559813,0.0008131000213325024,0.0041241999715566635
S6,Fresh Perishables,S6_Inst_014,10,18350.61,1382.6100000000006,8.148338048090526,16968,16968.0,0.0,0.0,8.739996701478958e-05,0.0005338999908417463,0.006758700008504093
S6,Fresh Perishables,S6_Inst_015,10,16812.5,1375.0599999999995,8.907305874549145,15437.440000000006,15437.44,0.0,0.0,8.239998714998364e-05,0.0005360000068321824,0.004346799978520721
S6,Fresh Perishables,S6_Inst_016,10,22267.459999999995,1897.0499999999993,9.31277279151475,20370.409999999996,20370.409999999996,0.0,0.0,9.159999899566174e-05,0.0005814000032842159,0.0048881000257097185
S6,Fresh Perishables,S6_Inst_017,10,17945.599999999995,1673.3299999999963,10.283322486659799,16272.27,16272.269999999999,0.0,0.0,9.089999366551638e-05,0.0007809000089764595,0.006954199983738363
S6,Fresh Perishables,S6_Inst_018,10,17202.19,2007.7799999999988,13.213938547136737,15194.41,15194.41,0.0,0.0,8.069997420534492e-05,0.0005089000333100557,0.004099899961147457
S6,Fresh Perishables,S6_Inst_019,10,19505.530000000002,2030.2900000000009,11.618095087678341,17475.239999999994,17475.24,0.0,0.0,8.47000046633184e-05,0.0005448000156320632,0.0046591999707743526
S6,Fresh Perishables,S6_Inst_020,10,21932.730000000007,2403.900000000005,12.309493195444913,19528.83,19528.83,0.0,0.0,8.890003664419055e-05,0.0010381999891251326,0.0068802000023424625
S6,Fresh Perishables,S6_Inst_021,10,17701.739999999994,1308.809999999994,7.983990659387882,16392.93,16392.93,0.0,0.0,9.239994687959552e-05,0.000716000038664788,0.0044837999739684165
S6,Fresh Perishables,S6_Inst_022,10,15131.42,1127.3899999999994,8.050468329473725,14004.030000000002,14004.03,0.0,0.0,0.00015109998639672995,0.0007209000177681446,0.0071128999697975814
S6,Fresh Perishables,S6_Inst_023,10,23069.80999999999,2022.3199999999888,9.608366603333646,21047.49000000001,21047.49,0.0,0.0,8.510000770911574e-05,0.0004997999640181661,0.003869100008159876
S6,Fresh Perishables,S6_Inst_024,10,15954.570000000002,1327.0400000000009,9.07220836327118,14627.53,14627.53,0.0,0.0,8.510000770911574e-05,0.0005531000206246972,0.004502099996898323
S6,Fresh Perishables,S6_Inst_025,10,25128.180000000008,2470.830000000009,10.905202947387973,22657.350000000002,22657.35,0.0,0.0,8.720002369955182e-05,0.0005695999716408551,0.006526100041810423
S6,Fresh Perishables,S6_Inst_026,10,19939.97,1524.7800000000025,8.280012315919643,18421.23,18415.19,6.040000000000873,0.03279900994777069,8.259998867288232e-05,0.0005089999758638442,0.004161800025030971
S6,Fresh Perishables,S6_Inst_027,10,21402.96,2201.1100000000006,11.463010074550112,19201.84999999999,19201.85,0.0,0.0,0.00018260005163028836,0.0008986000320874155,0.005757200007792562
S6,Fresh Perishables,S6_Inst_028,10,17299.329999999998,1738.3099999999995,11.170925813346424,15561.020000000004,15561.019999999999,0.0,0.0,0.00014859996736049652,0.0011561000137589872,0.007383399992249906
S6,Fresh Perishables,S6_Inst_029,10,22227.75,1871.2700000000004,9.192502829565822,20356.480000000003,20356.48,0.0,0.0,0.00011750002158805728,0.0007542999810539186,0.0039514999953098595
S6,Fresh Perishables,S6_Inst_030,10,12657.300000000001,964.2800000000007,8.246629185616722,11693.020000000004,11693.02,0.0,0.0,8.239998714998364e-05,0.0005386000266298652,0.006890099961310625
S6,Fresh Perishables,S6_Inst_031,10,17826.31,1381.829999999998,8.403002101617064,16444.48,16444.480000000003,0.0,0.0,8.399999933317304e-05,0.0006027999916113913,0.005589800013694912
S6,Fresh Perishables,S6_Inst_032,10,17071.05,1748.5900000000001,11.411940380330575,15322.459999999997,15322.46,0.0,0.0,8.490000618621707e-05,0.0005564999883063138,0.004317999992053956
S6,Fresh Perishables,S6_Inst_033,10,20115.929999999993,1675.2099999999919,9.084298226967231,18440.719999999998,18440.72,0.0,0.0,8.859997615218163e-05,0.0005561000434681773,0.006592899968381971
S6,Fresh Perishables,S6_Inst_034,10,21426.570000000003,1528.1000000000058,7.679484905120876,19898.469999999994,19898.469999999998,0.0,0.0,0.0002437999937683344,0.0007466999813914299,0.004163499979767948
S6,Fresh Perishables,S6_Inst_035,10,20225.49,1549.8200000000033,8.298604548056392,18675.670000000002,18675.67,0.0,0.0,8.829997386783361e-05,0.0005768000264652073,0.004180599993560463
S6,Fresh Perishables,S6_Inst_036,10,21570.300000000003,1561.9099999999999,7.806275267525272,20008.39,20008.390000000003,0.0,0.0,9.549997048452497e-05,0.0023735000286251307,0.006962800049223006
S6,Fresh Perishables,S6_Inst_037,10,22107.8,2149.100000000002,10.767735373546387,19958.700000000004,19958.699999999997,0.0,0.0,7.939996430650353e-05,0.0004970000009052455,0.003860199998598546
S6,Fresh Perishables,S6_Inst_038,10,14963.340000000002,1090.8200000000015,7.86317121907196,13872.52,13872.52,0.0,0.0,8.259998867288232e-05,0.000527600001078099,0.00706430000718683
S6,Fresh Perishables,S6_Inst_039,10,21467.260000000002,1761.75,8.94039281398959,19705.509999999995,19705.510000000002,0.0,0.0,8.25000461190939e-05,0.0005608999636024237,0.004037300008349121
S6,Fresh Perishables,S6_Inst_040,10,26444.129999999997,2317.449999999997,9.605341472593814,24126.679999999997,24126.68,0.0,0.0,8.480000542476773e-05,0.0005305999657139182,0.00447149999672547
S6,Fresh Perishables,S6_Inst_041,10,19516.55,1907.109999999997,10.830043431250493,17609.440000000002,17609.440000000002,0.0,0.0,0.0001656000385992229,0.0007450000266544521,0.006602099980227649
S6,Fresh Perishables,S6_Inst_042,10,22725.91,1964.4600000000028,9.462055877600086,20761.449999999997,20761.449999999997,0.0,0.0,8.630001684650779e-05,0.0005670000100508332,0.004327000002376735
S6,Fresh Perishables,S6_Inst_043,10,19522.859999999997,2412.6299999999974,14.100511799081586,17110.23,17110.23,0.0,0.0,8.490000618621707e-05,0.0005433000042103231,0.004131499968934804
S6,Fresh Perishables,S6_Inst_044,10,15820.59,1241.7499999999982,8.517481500585767,14578.840000000007,14578.840000000002,0.0,0.0,8.87999776750803e-05,0.0005582000012509525,0.0062488000257872045
S6,Fresh Perishables,S6_Inst_045,10,22518.139999999992,1955.189999999995,9.508314711653703,20562.950000000004,20562.949999999997,0.0,0.0,8.520000847056508e-05,0.0005347999976947904,0.0040339999832212925
S6,Fresh Perishables,S6_Inst_046,10,18433.729999999996,1674.829999999998,9.993675002535957,16758.9,16758.899999999998,0.0,0.0,0.00010400003520771861,0.0005216000135987997,0.004252499958965927
S6,Fresh Perishables,S6_Inst_047,10,17418.4,1180.2000000000007,7.268046951016742,16238.2,16238.2,0.0,0.0,8.459994569420815e-05,0.0005423999973572791,0.0067140000173822045
S6,Fresh Perishables,S6_Inst_048,10,22777.759999999995,1892.119999999999,9.059430307139255,20885.640000000007,20885.639999999996,0.0,0.0,7.950002327561378e-05,0.0005144999595358968,0.004061900021042675
S6,Fresh Perishables,S6_Inst_049,10,22315.149999999998,2698.359999999997,13.755359566983167,19616.790000000005,19616.79,0.0,0.0,8.38999985717237e-05,0.0008281000191345811,0.008638600003905594
S6,Fresh Perishables,S6_Inst_050,10,21457.629999999997,1794.6799999999967,9.127216414627492,19662.95,19662.95,0.0,0.0,8.229998638853431e-05,0.0004983000108040869,0.0040886999922804534
S6,Fresh Perishables,S6_Inst_051,10,16111.269999999997,1182.699999999997,7.922393102621331,14928.569999999998,14928.57,0.0,0.0,8.510000770911574e-05,0.0005381000228226185,0.00411440001334995
S6,Fresh Perishables,S6_Inst_052,10,22301.309999999998,1707.2499999999964,8.290011780095796,20594.06,20594.06,0.0,0.0,8.590001380071044e-05,0.000555099977646023,0.007583099999465048
S6,Fresh Perishables,S6_Inst_053,10,16766.7,1342.8500000000004,8.70632170307673,15423.85,15423.85,0.0,0.0,0.00017530005425214767,0.0011017000069841743,0.007765799993649125
S6,Fresh Perishables,S6_Inst_054,10,14177.61,1560.3100000000013,12.366433389076914,12617.300000000003,12617.3,0.0,0.0,7.999996887519956e-05,0.0005175999831408262,0.005876800045371056
S6,Fresh Perishables,S6_Inst_055,10,27000.499999999993,2257.469999999994,9.123660279278626,24743.030000000002,24743.03,0.0,0.0,8.690002141520381e-05,0.0005497999954968691,0.0038486000266857445
S6,Fresh Perishables,S6_Inst_056,10,17013.77,1527.5699999999997,9.864072529090413,15486.200000000003,15486.2,0.0,0.0,8.070003241300583e-05,0.0004799999878741801,0.005519600003026426
S6,Fresh Perishables,S6_Inst_057,10,17841.870000000006,1604.5300000000043,9.881729396563749,16237.340000000002,16237.340000000002,0.0,0.0,7.989996811375022e-05,0.0005493000498972833,0.008066299953497946
S6,Fresh Perishables,S6_Inst_058,10,16980.32,1546.0499999999993,10.016994648920871,15434.27,15434.27,0.0,0.0,0.00012640003114938736,0.0008869000012055039,0.006222199997864664
S6,Fresh Perishables,S6_Inst_059,10,19681.179999999993,2014.4599999999919,11.40256935073399,17666.72,17666.72,0.0,0.0,0.00013699999544769526,0.0005900999531149864,0.01122760004363954
S6,Fresh Perishables,S6_Inst_060,10,25145.810000000005,2387.280000000006,10.489605435851992,22758.53,22758.53,0.0,0.0,0.00011960003757849336,0.0011851000017486513,0.006551400001626462
S6,Fresh Perishables,S6_Inst_061,10,17207.11,1647.6100000000006,10.589093479867609,15559.499999999998,15559.5,0.0,0.0,0.000577000027988106,0.0009887999622151256,0.0048973000375553966
S6,Fresh Perishables,S6_Inst_062,10,20360.38,1131.7699999999968,5.885864864907013,19228.61,19228.610000000004,0.0,0.0,8.379999781027436e-05,0.0009140000329352915,0.006319299980532378
S6,Fresh Perishables,S6_Inst_063,10,21653.02,1701.7900000000009,8.529749794874807,19951.23,19951.23,0.0,0.0,8.490000618621707e-05,0.0007178999949246645,0.0061221999931149185
S6,Fresh Perishables,S6_Inst_064,10,16230.649999999996,1554.9099999999962,10.595104573943095,14675.739999999996,14675.74,0.0,0.0,8.539995178580284e-05,0.0006076000281609595,0.005132699967361987
S6,Fresh Perishables,S6_Inst_065,10,23753.780000000002,2287.7800000000025,10.657691232646988,21466,21466.0,0.0,0.0,9.660003706812859e-05,0.0010120999650098383,0.008275700034573674
S6,Fresh Perishables,S6_Inst_066,10,16374.440000000002,1370.420000000002,9.13368550561784,15004.02,15004.02,0.0,0.0,8.379999781027436e-05,0.0005323999794200063,0.00497519999044016
S6,Fresh Perishables,S6_Inst_067,10,21651.850000000002,2259.600000000002,11.65207750518894,19392.25,19392.25,0.0,0.0,9.679998038336635e-05,0.0006303000263869762,0.004760699986945838
S6,Fresh Perishables,S6_Inst_068,10,25258.979999999992,2769.079999999991,12.312549188746907,22489.90000000001,22489.9,0.0,0.0,9.980000322684646e-05,0.0008524000295437872,0.005912499967962503
S6,Fresh Perishables,S6_Inst_069,10,24325.899999999998,1816.8299999999945,8.071546270014684,22509.07,22509.070000000003,0.0,0.0,8.38999985717237e-05,0.0006814000080339611,0.004794000007677823
S6,Fresh Perishables,S6_Inst_070,10,24136.92,1890.6699999999983,8.498825644771584,22246.249999999996,22246.25,0.0,0.0,0.00014029996236786246,0.0005966000026091933,0.006087200017645955
S6,Fresh Perishables,S6_Inst_071,10,13745.209999999997,1254.0899999999983,10.03985231108178,12491.120000000003,12491.119999999999,0.0,0.0,0.00012040004367008805,0.0008197999559342861,0.006941600004211068
S6,Fresh Perishables,S6_Inst_072,10,13421.51,1540.539999999999,12.966449709072567,11880.97,11880.970000000001,0.0,0.0,0.00012989999959245324,0.0007945999968796968,0.0041445999522693455
S6,Fresh Perishables,S6_Inst_073,10,22045.939999999988,1496.4999999999854,7.282436893657371,20549.43999999999,20549.440000000002,0.0,0.0,8.540000999346375e-05,0.0005938999820500612,0.007024099992122501
S6,Fresh Perishables,S6_Inst_074,10,16440.26,1239.289999999999,8.152703413005876,15200.969999999998,15200.97,0.0,0.0,0.00041290000081062317,0.0007374999695457518,0.005294700036756694
S6,Fresh Perishables,S6_Inst_075,10,15547.1,1491.0300000000007,10.607730325759624,14056.070000000002,14056.07,0.0,0.0,9.470002260059118e-05,0.0005162000306881964,0.005427199997939169
S6,Fresh Perishables,S6_Inst_076,10,20780.650000000005,1744.440000000006,9.163798886438036,19036.21,19036.21,0.0,0.0,9.759998647496104e-05,0.0014552000211551785,0.004753899993374944
S6,Fresh Perishables,S6_Inst_077,10,18183.88,1508.0800000000017,9.043524148766487,16675.800000000003,16675.8,0.0,0.0,0.00010859995381906629,0.0005775000317953527,0.004661799990572035
S6,Fresh Perishables,S6_Inst_078,10,16017.63,1541.8999999999996,10.6516217144144,14475.730000000001,14475.73,0.0,0.0,0.0001058999914675951,0.0007409999961964786,0.007383199990727007
S6,Fresh Perishables,S6_Inst_079,10,24209.499999999996,2843.409999999996,13.308050279672118,21366.089999999997,21366.09,0.0,0.0,0.00010280002607032657,0.0008428000146523118,0.00460340001154691
S6,Fresh Perishables,S6_Inst_080,10,22999.65,1644.4100000000035,7.700264665721404,21355.24,21355.239999999998,0.0,0.0,8.909997995942831e-05,0.0005563999875448644,0.004625300003681332
S6,Fresh Perishables,S6_Inst_081,10,20286.41,1684.0099999999984,9.052649120543578,18602.399999999998,18602.4,0.0,0.0,0.00027869996847584844,0.0014615000109188259,0.005793499993160367
S6,Fresh Perishables,S6_Inst_082,10,25157.120000000003,2166.220000000001,9.422075690816806,22990.900000000005,22990.9,0.0,0.0,8.9599983766675e-05,0.000652700022328645,0.01831100002164021
S6,Fresh Perishables,S6_Inst_083,10,17530.65,1504.4099999999999,9.387167545225827,16026.240000000009,16026.240000000002,0.0,0.0,8.520000847056508e-05,0.0006464000325649977,0.004453899979125708
S6,Fresh Perishables,S6_Inst_084,10,17152.83,1803.300000000003,11.74824245432924,15368.189999999995,15349.529999999999,18.659999999996217,0.12156724016954407,8.249998791143298e-05,0.0005824000108987093,0.006376100005581975
S6,Fresh Perishables,S6_Inst_085,10,17766.79,2207.540000000001,14.18795893118242,15559.250000000004,15559.25,0.0,0.0,8.52999510243535e-05,0.0006387000321410596,0.004551799967885017
S6,Fresh Perishables,S6_Inst_086,10,19263.24,1607.7100000000028,9.105985490098586,17655.53,17655.53,0.0,0.0,0.00011309998808428645,0.0005442000110633671,0.004608499992173165
S6,Fresh Perishables,S6_Inst_087,10,21531.3,1875.4199999999983,9.541267040702314,19655.879999999997,19655.88,0.0,0.0,9.190000128000975e-05,0.0010911000426858664,0.005721600027754903
S6,Fresh Perishables,S6_Inst_088,10,13507.52,1236.7599999999984,10.078919317140896,12270.760000000006,12270.760000000002,0.0,0.0,8.719996549189091e-05,0.0005668000085279346,0.0042703000362962484
S6,Fresh Perishables,S6_Inst_089,10,23102.059999999998,2630.5599999999977,12.849864445692782,20480.739999999994,20471.5,9.239999999994325,0.04513592067017231,8.880003588274121e-05,0.0005605999613180757,0.0074136999901384115
S6,Fresh Perishables,S6_Inst_090,10,17052.04,1555.5599999999995,10.038150599361915,15496.480000000003,15496.480000000001,0.0,0.0,9.90999978967011e-05,0.0008134999661706388,0.007475299993529916
S6,Fresh Perishables,S6_Inst_091,10,16812.52,1506.9599999999991,9.845833801572756,15305.559999999998,15305.560000000001,0.0,0.0,0.00010489998385310173,0.0005613000248558819,0.006849299999885261
S6,Fresh Perishables,S6_Inst_092,10,14205.779999999999,1270.6100000000006,9.822909169342195,12935.170000000004,12935.169999999998,0.0,0.0,8.639995940029621e-05,0.0005388000281527638,0.004159899952355772
S6,Fresh Perishables,S6_Inst_093,10,17813.59,1302.3500000000022,7.88765713538173,16511.24,16511.239999999998,0.0,0.0,8.640001760795712e-05,0.0006277000065892935,0.0045854999916628
S6,Fresh Perishables,S6_Inst_094,10,18296.300000000007,1831.440000000006,11.123325676622855,16464.859999999997,16464.86,0.0,0.0,8.969998452812433e-05,0.0005446000141091645,0.005793199990876019
S6,Fresh Perishables,S6_Inst_095,10,22036.59,1607.9300000000003,7.870951888180626,20428.659999999996,20428.66,0.0,0.0,0.00012320000678300858,0.0008335000020451844,0.004571299999952316
S6,Fresh Perishables,S6_Inst_096,10,22411.850000000002,1519.7300000000032,7.274178015443159,20892.120000000006,20892.12,0.0,0.0,0.00010040000779554248,0.0006696999771520495,0.004511100007221103
S6,Fresh Perishables,S6_Inst_097,10,17054.859999999997,1206.1199999999972,7.610194879845319,15858.240000000002,15848.74,9.500000000001819,0.0599416735967769,8.849997539073229e-05,0.0006480000447481871,0.006694599986076355
S6,Fresh Perishables,S6_Inst_098,10,18348.309999999998,1622.329999999998,9.699461556213736,16725.98,16725.98,0.0,0.0,8.800002979114652e-05,0.000674300012178719,0.004251000005751848
S6,Fresh Perishables,S6_Inst_099,10,24312.48,2714.4599999999955,12.568096519958752,21598.020000000004,21598.020000000004,0.0,0.0,0.00010469998233020306,0.0007929999846965075,0.0075323000201024115
S6,Fresh Perishables,S6_Inst_100,10,20920.6,1967.7799999999988,10.382518274325397,18952.82,18952.82,0.0,0.0,0.00025179999647662044,0.001352999999653548,0.0054435000056400895
S7,Wholesale Monopoly,S7_Inst_001,16,27852.609999999993,5981.709999999992,27.350086187582544,21870.899999999998,21870.9,0.0,0.0,0.000145500001963228,0.0029983000131323934,0.03485910000745207
S7,Wholesale Monopoly,S7_Inst_002,12,21644.049999999992,4063.1639999999898,23.111258442833822,17580.886,17580.886000000002,0.0,0.0,9.839999256655574e-05,0.0014831000007689,0.02213960001245141
S7,Wholesale Monopoly,S7_Inst_003,16,36315.27999999999,8686.300999999989,31.43909516164165,27628.979000000003,27628.979000000003,0.0,0.0,0.00013689999468624592,0.0031220000237226486,0.02286849997472018
S7,Wholesale Monopoly,S7_Inst_004,12,24396.79,5517.159,29.222811611095572,18879.631,18879.631,0.0,0.0,0.00011039996752515435,0.0021772999898530543,0.0260942000313662
S7,Wholesale Monopoly,S7_Inst_005,10,18766.3,4273.630000000001,29.488217147012946,14492.67,14492.669999999998,0.0,0.0,0.00010070001007989049,0.002714000002015382,0.020974400045815855
S7,Wholesale Monopoly,S7_Inst_006,12,26643.850000000006,5973.591000000004,28.89944920380535,20670.259000000002,20670.259000000002,0.0,0.0,0.00011950003681704402,0.002757099980954081,0.02046400000108406
S7,Wholesale Monopoly,S7_Inst_007,10,23237.150000000005,7021.517000000005,43.300912150638865,16215.633,16215.633,0.0,0.0,9.699998190626502e-05,0.0021673000301234424,0.053714899986516684
S7,Wholesale Monopoly,S7_Inst_008,14,27641.180000000008,5775.277000000002,26.4122501595292,21865.902999999988,21865.903000000006,0.0,0.0,0.000118900032248348,0.0018105999915860593,0.017548799980431795
S7,Wholesale Monopoly,S7_Inst_009,18,46054.71999999999,11091.686999999984,31.724041218048736,34963.033,34963.033,0.0,0.0,0.0001495999749749899,0.0054515000083483756,0.03909189999103546
S7,Wholesale Monopoly,S7_Inst_010,15,40812.16,10247.873000000007,33.528912354474386,30564.28700000001,30564.286999999997,0.0,0.0,0.0001309000072069466,0.0028788999770767987,0.021069400012493134
S7,Wholesale Monopoly,S7_Inst_011,10,21052.109999999997,4358.297999999995,26.10726657278754,16693.811999999998,16693.812,0.0,0.0,9.529996896162629e-05,0.0021185000077821314,0.018014300032518804
S7,Wholesale Monopoly,S7_Inst_012,10,23634.5,5754.049000000003,32.1806703868935,17880.451,17880.450999999997,0.0,0.0,9.679998038336635e-05,0.001844500016886741,0.017630800022743642
S7,Wholesale Monopoly,S7_Inst_013,20,41011.649999999994,10350.670999999991,33.75844913497377,30660.979000000003,30660.979000000003,0.0,0.0,0.00017039995873346925,0.0041408000397495925,0.03790409996872768
S7,Wholesale Monopoly,S7_Inst_014,12,28947.910000000003,6530.648999999998,29.132234308196686,22417.261,22417.261000000006,0.0,0.0,0.00012049998622387648,0.004184900026302785,0.020025000034365803
S7,Wholesale Monopoly,S7_Inst_015,13,33993.759999999995,7917.430999999997,30.36252150369785,26076.328999999998,26076.328999999998,0.0,0.0,0.000109999964479357,0.001734499994199723,0.018832300032954663
S7,Wholesale Monopoly,S7_Inst_016,16,39946.09000000001,10229.05200000001,34.421505938781685,29717.038,29717.038,0.0,0.0,0.00013970001600682735,0.0030205000075511634,0.02086079999571666
S7,Wholesale Monopoly,S7_Inst_017,14,41699.49,11059.033,36.09291140794669,30640.457,30640.457,0.0,0.0,0.0001357999863103032,0.0029413000447675586,0.028816799982450902
S7,Wholesale Monopoly,S7_Inst_018,16,32487.50999999999,6771.886999999988,26.33374660998875,25715.623000000007,25715.623000000003,0.0,0.0,0.0002894999925047159,0.00399150000885129,0.022045499994419515
S7,Wholesale Monopoly,S7_Inst_019,12,29060.25,6681.665000000001,29.857406087114093,22378.585000000006,22378.585,0.0,0.0,0.00014619994908571243,0.0023682000464759767,0.019815199950244278
S7,Wholesale Monopoly,S7_Inst_020,12,24676.360000000008,5062.293000000009,25.809501925327417,19614.067000000006,19614.067,0.0,0.0,0.00010569998994469643,0.003732500015757978,0.01611249998677522
S7,Wholesale Monopoly,S7_Inst_021,13,21924.739999999998,5582.648999999998,34.1611670134501,16342.090999999995,16342.091,0.0,0.0,0.00013480003690347075,0.0023819999769330025,0.023295000020880252
S7,Wholesale Monopoly,S7_Inst_022,15,34643.040000000015,7983.922000000017,29.94818508249229,26659.118,26659.118,0.0,0.0,0.00013190001482143998,0.003082999959588051,0.03633660002378747
S7,Wholesale Monopoly,S7_Inst_023,11,29796.57,7726.1889999999985,35.007048586972736,22070.381,22070.381,0.0,0.0,0.00010060000931844115,0.0030411999905481935,0.022657599998638034
S7,Wholesale Monopoly,S7_Inst_024,13,33974.59,8150.396000000001,31.561085701261394,25824.193999999996,25824.193999999996,0.0,0.0,0.00013880000915378332,0.002079900004900992,0.017209900019224733
S7,Wholesale Monopoly,S7_Inst_025,13,27344.329999999994,5788.039999999997,26.850817093293873,21556.290000000005,21556.289999999997,0.0,0.0,0.00014459999511018395,0.0023326000082306564,0.016622799972537905
S7,Wholesale Monopoly,S7_Inst_026,16,43700.41,9132.595000000008,26.419358585435642,34567.815,34567.814999999995,0.0,0.0,0.0005085999728180468,0.004002999980002642,0.023930600029416382
S7,Wholesale Monopoly,S7_Inst_027,16,45925.230000000025,10240.281000000032,28.69635879261039,35684.949,35684.94899999999,0.0,0.0,0.00018560001626610756,0.0027599000022746623,0.026058099989313632
S7,Wholesale Monopoly,S7_Inst_028,17,34708.19000000001,7480.647000000008,27.474557656561256,27227.542999999994,27227.543,0.0,0.0,0.0001534000039100647,0.003582599980290979,0.025371299998369068
S7,Wholesale Monopoly,S7_Inst_029,11,27207.38,6571.736000000001,31.84652730004453,20635.644,20635.644,0.0,0.0,0.00010409997776150703,0.0016235000221058726,0.014615599997341633
S7,Wholesale Monopoly,S7_Inst_030,12,24275.980000000003,5757.643000000004,31.09157695963738,18518.336999999996,18518.337,0.0,0.0,0.00012390001211315393,0.0020213000243529677,0.02006809995509684
S7,Wholesale Monopoly,S7_Inst_031,10,31868.229999999996,6408.031999999992,25.168822332017964,25460.198,25460.198000000004,0.0,0.0,0.00010260002454742789,0.001602899981662631,0.01366050000069663
S7,Wholesale Monopoly,S7_Inst_032,13,23965.700000000004,4292.440000000002,21.818651306392546,19673.26,19673.260000000002,0.0,0.0,0.00011869997251778841,0.0018699000356718898,0.019062999985180795
S7,Wholesale Monopoly,S7_Inst_033,12,30970.270000000008,8175.60400000001,35.86630310792889,22794.666000000005,22794.665999999997,0.0,0.0,0.00011060002725571394,0.0026431999867781997,0.026527000009082258
S7,Wholesale Monopoly,S7_Inst_034,10,18903,4054.690999999999,27.30742605100688,14848.309000000003,14848.309000000001,0.0,0.0,0.00018800003454089165,0.002726399980019778,0.01861199998529628
S7,Wholesale Monopoly,S7_Inst_035,11,24868.65,6613.667000000001,36.22937912349741,18254.982999999997,18254.983,0.0,0.0,0.0001506999833509326,0.002523000002838671,0.02278130000922829
S7,Wholesale Monopoly,S7_Inst_036,17,42357.47000000001,9460.519000000008,28.75804204468678,32896.95100000001,32896.951,0.0,0.0,0.00014540000120177865,0.003622799995355308,0.032880700018722564
S7,Wholesale Monopoly,S7_Inst_037,20,40852.86,8978.953000000001,28.170230276445253,31873.907,31873.907,0.0,0.0,0.00016759999562054873,0.0035165000008419156,0.03633440000703558
S7,Wholesale Monopoly,S7_Inst_038,11,26928.260000000006,6611.776000000002,32.54389883603876,20316.483999999993,20316.484000000004,0.0,0.0,0.00010689999908208847,0.0027316000196151435,0.016583199962042272
S7,Wholesale Monopoly,S7_Inst_039,14,35019.79,8427.613000000005,31.692076207224424,26592.176999999996,26592.176999999996,0.0,0.0,0.00028089998522773385,0.003241600003093481,0.02279910002835095
S7,Wholesale Monopoly,S7_Inst_040,17,37438.6,9283.475999999991,32.97259852238616,28155.123999999996,28155.124000000007,0.0,0.0,0.00014269998064264655,0.0030929999775253236,0.032572299998719245
S7,Wholesale Monopoly,S7_Inst_041,17,40808.47,9273.380000000001,29.406543631237458,31535.089999999997,31535.09,0.0,0.0,0.00018930004443973303,0.00440029997844249,0.034123499994166195
S7,Wholesale Monopoly,S7_Inst_042,11,27421.349999999995,6287.007999999998,29.74782938593498,21134.342,21134.341999999997,0.0,0.0,0.00015620002523064613,0.0021340999519452453,0.017810899997130036
S7,Wholesale Monopoly,S7_Inst_043,17,44480.380000000005,10085.705000000009,29.323449051343008,34394.674999999996,34394.674999999996,0.0,0.0,0.0001558999647386372,0.003115600033197552,0.027563999989069998
S7,Wholesale Monopoly,S7_Inst_044,19,46079.69000000001,10448.956000000006,29.325682709764006,35630.734,35630.734000000004,0.0,0.0,0.00018020003335550427,0.0036961999721825123,0.03326930000912398
S7,Wholesale Monopoly,S7_Inst_045,15,37188.95,8874.448,31.342412449987645,28314.502000000004,28314.501999999997,0.0,0.0,0.00013719999697059393,0.003048500046133995,0.03705189999891445
S7,Wholesale Monopoly,S7_Inst_046,11,26151.94,5995.25,29.74322669049333,20156.690000000002,20156.69,0.0,0.0,0.000145500001963228,0.002556400024332106,0.015855800011195242
S7,Wholesale Monopoly,S7_Inst_047,12,37523.93,10061.79,36.63876886506296,27462.140000000003,27462.14,0.0,0.0,0.00022829999215900898,0.004236799955833703,0.05739600001834333
S7,Wholesale Monopoly,S7_Inst_048,12,25782.84,6707.368999999999,35.162272008906086,19075.471,19075.471,0.0,0.0,0.00011820002691820264,0.0021558000007644296,0.022870499989949167
S7,Wholesale Monopoly,S7_Inst_049,17,40397.16999999999,10071.448999999993,33.210913600372415,30325.721,30325.720999999998,0.0,0.0,0.00014899997040629387,0.0027482000296004117,0.026441399997565895
S7,Wholesale Monopoly,S7_Inst_050,20,37223.25,7834.867000000002,26.659741708143663,29388.382999999998,29388.382999999998,0.0,0.0,0.00019269995391368866,0.005850800022017211,0.033250999986194074
S7,Wholesale Monopoly,S7_Inst_051,17,37495.490000000005,9115.900000000005,32.12132381052723,28379.589999999993,28379.59,0.0,0.0,0.00015869998605921865,0.003604399971663952,0.03257490001851693
S7,Wholesale Monopoly,S7_Inst_052,13,31386.110000000004,7075.466000000008,29.1043955890268,24310.643999999993,24310.643999999997,0.0,0.0,0.00011090002954006195,0.0018500000005587935,0.0168472999939695
S7,Wholesale Monopoly,S7_Inst_053,17,34857.33999999999,6883.679999999993,24.60772026256126,27973.660000000007,27973.659999999996,0.0,0.0,0.0001422999775968492,0.002467899990733713,0.02029940002830699
S7,Wholesale Monopoly,S7_Inst_054,14,30351.789999999997,7639.355,33.635121025112454,22712.435,22712.434999999998,0.0,0.0,0.00012280000373721123,0.0024130999809131026,0.01994399999966845
S7,Wholesale Monopoly,S7_Inst_055,15,29788.399999999994,7802.546999999991,35.48894373122567,21985.852999999996,21985.853000000003,0.0,0.0,0.00018619996262714267,0.0030192999984137714,0.01760309998644516
S7,Wholesale Monopoly,S7_Inst_056,13,30736.269999999997,7212.441999999999,30.6601544612552,23523.828000000005,23523.827999999998,0.0,0.0,0.00011780002387240529,0.002299599989783019,0.01817029999801889
S7,Wholesale Monopoly,S7_Inst_057,19,43796.93999999999,10392.945999999982,31.11288428563357,33403.994000000006,33403.994000000006,0.0,0.0,0.00017559999832883477,0.004149900050833821,0.026316900039091706
S7,Wholesale Monopoly,S7_Inst_058,15,43756.509999999995,11092.421999999999,33.959074565314666,32664.087999999992,32664.087999999996,0.0,0.0,0.00012610002886503935,0.002638499950990081,0.0275458000251092
S7,Wholesale Monopoly,S7_Inst_059,11,31562.04,7993.445000000003,33.91566192214684,23568.59499999999,23568.594999999998,0.0,0.0,0.00013399997260421515,0.002648100024089217,0.017493599967565387
S7,Wholesale Monopoly,S7_Inst_060,16,37140.979999999996,7151.031999999992,23.844762918561884,29989.948,29989.948000000004,0.0,0.0,0.0001555999624542892,0.0034369000350125134,0.022509600035846233
S7,Wholesale Monopoly,S7_Inst_061,17,34772.130000000005,7398.172000000006,27.02631457241224,27373.957999999995,27373.958,0.0,0.0,0.00014430005103349686,0.003016200033016503,0.02616199996555224
S7,Wholesale Monopoly,S7_Inst_062,10,24180.410000000003,5636.777000000002,30.39737143201659,18543.633,18543.633,0.0,0.0,0.00010800000745803118,0.002041500003542751,0.01745169999776408
S7,Wholesale Monopoly,S7_Inst_063,14,26148.279999999995,6051.687999999998,30.113006225135088,20096.592000000004,20096.591999999997,0.0,0.0,0.00012710003647953272,0.0027196999872103333,0.021559599961619824
S7,Wholesale Monopoly,S7_Inst_064,13,38733.18,8396.258999999998,27.676701271035377,30336.921000000002,30336.921000000002,0.0,0.0,0.00011609995272010565,0.002024900051765144,0.022040900017600507
S7,Wholesale Monopoly,S7_Inst_065,19,40330.59,9456.580999999991,30.629585552041487,30874.00900000001,30874.009000000005,0.0,0.0,0.0001889999839477241,0.004186700040008873,0.029758499993477017
S7,Wholesale Monopoly,S7_Inst_066,17,48086.58000000001,10804.182,28.979310826519256,37282.398,37282.39800000001,0.0,0.0,0.00016840000171214342,0.0034582000225782394,0.030218400002922863
S7,Wholesale Monopoly,S7_Inst_067,19,51165.81,12291.573000000004,31.618814795001647,38874.23699999999,38874.236999999994,0.0,0.0,0.0003043000469915569,0.004740600008517504,0.036589000024832785
S7,Wholesale Monopoly,S7_Inst_068,14,42884.14,10289.713999999996,31.56893758460417,32594.426,32594.426000000003,0.0,0.0,0.00012149999383836985,0.0029838000191375613,0.02062369999475777
S7,Wholesale Monopoly,S7_Inst_069,19,32285.11,6698.27,26.178574611010973,25586.840000000004,25586.84,0.0,0.0,0.00015839998377487063,0.002717499970458448,0.025204100005794317
S7,Wholesale Monopoly,S7_Inst_070,19,35490.07999999999,8152.731999999982,29.82268799446084,27337.347999999994,27337.348000000005,0.0,0.0,0.0004467000253498554,0.0040827999473549426,0.1525095000397414
S7,Wholesale Monopoly,S7_Inst_071,11,28739.67,7226.055999999997,33.588294370253166,21513.614,21513.614,0.0,0.0,0.00027870002668350935,0.005735399958211929,0.030807300005108118
S7,Wholesale Monopoly,S7_Inst_072,17,43997.83,8862.199999999997,25.22282936153413,35135.63,35135.630000000005,0.0,0.0,0.0001404000213369727,0.0027506000478751957,0.029260499984957278
S7,Wholesale Monopoly,S7_Inst_073,20,36718.89000000001,8162.289000000004,28.58284499615344,28556.601000000002,28556.601000000002,0.0,0.0,0.00018989999080076814,0.0034325000015087426,0.039841199992224574
S7,Wholesale Monopoly,S7_Inst_074,13,27895.94,5983.41,27.30588389382696,21912.53,21912.53,0.0,0.0,0.0001362999901175499,0.001987299998290837,0.02200639998773113
S7,Wholesale Monopoly,S7_Inst_075,16,30715.880000000005,7199.241000000009,30.613392500518504,23516.639000000006,23516.638999999996,0.0,0.0,0.0001281999866478145,0.0037873999681323767,0.04310040001291782
S7,Wholesale Monopoly,S7_Inst_076,20,49111.619999999995,12314.262999999999,33.46507467914068,36797.356999999996,36797.356999999996,0.0,0.0,0.0002326999674551189,0.0058250000001862645,0.03093170002102852
S7,Wholesale Monopoly,S7_Inst_077,19,48734.229999999996,11583.079999999994,31.178254239774528,37151.15,37151.15,0.0,0.0,0.00015490001533180475,0.004720599972642958,0.032198900007642806
S7,Wholesale Monopoly,S7_Inst_078,11,21742.260000000006,4175.712000000007,23.770817123546454,17566.548,17566.548,0.0,0.0,0.00011309998808428645,0.003197500016540289,0.019283999979961663
S7,Wholesale Monopoly,S7_Inst_079,19,42003.36,8956.474999999999,27.102327496222404,33046.885,33046.885,0.0,0.0,0.00018209998961538076,0.003244500025175512,0.028813799959607422
S7,Wholesale Monopoly,S7_Inst_080,10,14060.399999999998,2657.5999999999985,23.306556284421358,11402.799999999997,11402.8,0.0,0.0,0.00011609995272010565,0.0013933000154793262,0.0210728999809362
S7,Wholesale Monopoly,S7_Inst_081,19,39495.939999999995,9404.584000000003,31.25344035675895,30091.356,30091.355999999992,0.0,0.0,0.00027740001678466797,0.004055699973832816,0.03465929999947548
S7,Wholesale Monopoly,S7_Inst_082,14,29820.909999999996,6631.912999999997,28.599395653033188,23188.997000000003,23188.997,0.0,0.0,0.0001241000136360526,0.002791200007777661,0.02642309997463599
S7,Wholesale Monopoly,S7_Inst_083,20,54522.34999999999,12978.857999999978,31.24161541355256,41543.492000000006,41543.49200000001,0.0,0.0,0.00016840000171214342,0.0032768999808467925,0.0339129000203684
S7,Wholesale Monopoly,S7_Inst_084,20,56081.75000000001,14028.644000000008,33.359352814510316,42053.10600000001,42053.106,0.0,0.0,0.00019619998056441545,0.00583749997895211,0.027850300015415996
S7,Wholesale Monopoly,S7_Inst_085,17,44564.58999999998,10612.945999999982,31.259004718593246,33951.64399999999,33951.644,0.0,0.0,0.0001563999685458839,0.003419300017412752,0.023764099983964115
S7,Wholesale Monopoly,S7_Inst_086,10,22913.500000000004,5413.600000000006,30.935033914479547,17499.899999999998,17499.899999999998,0.0,0.0,9.169999975711107e-05,0.0015426999889314175,0.023413299990352243
S7,Wholesale Monopoly,S7_Inst_087,16,34200.17,9519.986999999994,38.57340522961273,24680.183000000005,24680.183000000005,0.0,0.0,0.00017289997776970267,0.0038947000284679234,0.0314541999832727
S7,Wholesale Monopoly,S7_Inst_088,13,40831.28,10369.440999999999,34.040758340295866,30461.839000000004,30461.839,0.0,0.0,0.00015429995255544782,0.003236600023228675,0.020294199988711625
S7,Wholesale Monopoly,S7_Inst_089,14,31951.86,6644.537,26.255392559695075,25307.323000000004,25307.323,0.0,0.0,0.00013419997412711382,0.0019333999953232706,0.030724700016435236
S7,Wholesale Monopoly,S7_Inst_090,14,36878.27999999999,9192.280999999995,33.20191191222682,27685.999,27685.998999999996,0.0,0.0,0.0001248999615199864,0.0028079000185243785,0.019492599996738136
S7,Wholesale Monopoly,S7_Inst_091,11,19861.050000000007,5041.715000000006,34.02119595784835,14819.335000000003,14819.335000000001,0.0,0.0,0.0001735000405460596,0.0021723000099882483,0.02483780001057312
S7,Wholesale Monopoly,S7_Inst_092,10,24618.769999999993,6052.639999999992,32.60043961773397,18566.129999999994,18566.13,0.0,0.0,9.799998952075839e-05,0.0016456000157631934,0.016504200000781566
S7,Wholesale Monopoly,S7_Inst_093,12,21340.15,4505.237000000001,26.76127283817862,16834.913,16834.913,0.0,0.0,0.0001865000231191516,0.00236169999698177,0.024363900010939687
S7,Wholesale Monopoly,S7_Inst_094,11,27366.600000000002,6963.442000000003,34.12923626822869,20403.157999999996,20403.158,0.0,0.0,0.00010840001050382853,0.001609699975233525,0.017746000026818365
S7,Wholesale Monopoly,S7_Inst_095,18,44393.94,9483.747000000003,27.166125950664334,34910.193,34910.193,0.0,0.0,0.00021949998335912824,0.003572500019799918,0.03306980000343174
S7,Wholesale Monopoly,S7_Inst_096,17,41766.90999999999,10211.20499999999,32.35929921388222,31555.704999999998,31555.704999999998,0.0,0.0,0.00014219997683539987,0.003174200013745576,0.02683019998949021
S7,Wholesale Monopoly,S7_Inst_097,14,22656.61,5312.073000000004,30.626778910270165,17344.537000000004,17344.536999999997,0.0,0.0,0.00012580002658069134,0.002691499947104603,0.023863700043875724
S7,Wholesale Monopoly,S7_Inst_098,10,17563.15,3545.8559999999998,25.296294705668576,14017.294000000004,14017.294000000002,0.0,0.0,9.53000271692872e-05,0.0012439999845810235,0.014450500020757318
S7,Wholesale Monopoly,S7_Inst_099,10,20549.449999999997,4743.395999999999,30.00999490448406,15806.053999999998,15806.053999999998,0.0,0.0,0.00010220002150163054,0.0016914000152610242,0.01661150000290945
S7,Wholesale Monopoly,S7_Inst_100,13,29368.759999999995,7502.358999999997,34.309985442963374,21866.400999999998,21866.400999999998,0.0,0.0,0.00013180001405999064,0.0024673999869264662,0.027046300005167723
S8,Inflation / Low Margin,S8_Inst_001,13,37754.57000000001,1820.5590000000084,5.066395176424943,35934.01099999999,35934.011,0.0,0.0,0.00029520003590732813,0.002600399951916188,0.02402850001817569
S8,Inflation / Low Margin,S8_Inst_002,20,58377.26,2756.6949999999997,4.956251343365533,55620.565,55620.565,0.0,0.0,0.00021199998445808887,0.004061500017996877,0.03268419997766614
S8,Inflation / Low Margin,S8_Inst_003,11,32998.89,1799.1320000000014,5.766493445237625,31199.758,31199.757999999998,0.0,0.0,0.00010629999451339245,0.0025551000144332647,0.016373599995858967
S8,Inflation / Low Margin,S8_Inst_004,17,42336.420000000006,1630.2630000000063,4.004954336514759,40706.15700000002,40706.157,0.0,0.0,0.00016090000281110406,0.0037106999661773443,0.029594600026030093
S8,Inflation / Low Margin,S8_Inst_005,16,38235.850000000006,1496.4279999999999,4.0730853087454655,36739.42199999999,36739.422000000006,0.0,0.0,0.0002033999771811068,0.0032171999919228256,0.035876400012057275
S8,Inflation / Low Margin,S8_Inst_006,18,63811.88999999999,2551.197,4.164492556426028,61260.69299999999,61260.69299999999,0.0,0.0,0.00015620002523064613,0.0033687000395730138,0.02138859999831766
S8,Inflation / Low Margin,S8_Inst_007,18,47342.76000000001,2225.475000000006,4.93264388581894,45117.284999999996,45117.285,0.0,0.0,0.0001542000100016594,0.004541300004348159,0.0701505999895744
S8,Inflation / Low Margin,S8_Inst_008,19,76999.60999999999,3578.938999999984,4.874565910736479,73420.67100000005,73420.671,0.0,0.0,0.00016930000856518745,0.003786400018725544,0.10568039998179302
S8,Inflation / Low Margin,S8_Inst_009,16,61649.719999999994,2284.678,3.8485241870122824,59365.04200000001,59365.041999999994,0.0,0.0,0.00033299997448921204,0.012120699975639582,0.022127500036731362
S8,Inflation / Low Margin,S8_Inst_010,11,22538.849999999995,1098.0639999999948,5.121379412116677,21440.786000000004,21440.786,0.0,0.0,0.0001495999749749899,0.0020355000160634518,0.01710090000415221
S8,Inflation / Low Margin,S8_Inst_011,16,57620.909999999996,2435.067999999992,4.412486811381788,55185.842,55185.842000000004,0.0,0.0,0.00015619996702298522,0.0028108000406064093,0.021488300000783056
S8,Inflation / Low Margin,S8_Inst_012,15,47338.979999999996,1548.679999999993,3.3821136790979596,45790.3,45790.3,0.0,0.0,0.00014479999663308263,0.0026496999780647457,0.026983899995684624
S8,Inflation / Low Margin,S8_Inst_013,13,42959.68,1521.6349999999948,3.6720723673136475,41438.04499999999,41438.045000000006,0.0,0.0,0.0001105000264942646,0.001791000016964972,0.018962699978146702
S8,Inflation / Low Margin,S8_Inst_014,13,35975.009999999995,1613.077999999994,4.694375159115017,34361.932,34361.932,0.0,0.0,0.000145500001963228,0.004083500010892749,0.04221360001247376
S8,Inflation / Low Margin,S8_Inst_015,13,44855.429999999986,2275.0989999999874,5.343074951671905,42580.331,42580.331,0.0,0.0,0.00011099997209385037,0.001960700028575957,0.01717919996008277
S8,Inflation / Low Margin,S8_Inst_016,10,28887.89,1686.1059999999998,6.198512568146265,27201.784000000007,27201.784,0.0,0.0,0.0001175999641418457,0.0019751000218093395,0.03236589999869466
S8,Inflation / Low Margin,S8_Inst_017,17,44789.890000000014,2078.6210000000137,4.866680500642614,42711.26900000001,42711.269,0.0,0.0,0.00018810003530234098,0.0038810999831184745,0.026177699968684465
S8,Inflation / Low Margin,S8_Inst_018,18,64271.69999999999,2755.1259999999966,4.478672690712583,61516.57399999999,61516.57399999999,0.0,0.0,0.0001488000270910561,0.0031796999974176288,0.04178539995336905
S8,Inflation / Low Margin,S8_Inst_019,17,54436.97000000001,2766.5690000000104,5.354262685129947,51670.401,51670.401,0.0,0.0,0.0001653999788686633,0.003324999997857958,0.09244600002421066
S8,Inflation / Low Margin,S8_Inst_020,13,43659.33,1863.2560000000085,4.457968947035573,41796.07400000001,41796.07399999999,0.0,0.0,0.0002003999543376267,0.005317000031936914,0.035387499956414104
S8,Inflation / Low Margin,S8_Inst_021,18,53644.96000000001,2720.5840000000026,5.342400268193767,50924.37600000001,50924.376000000004,0.0,0.0,0.0003493999829515815,0.011820799962151796,0.03269449999788776
S8,Inflation / Low Margin,S8_Inst_022,19,53827.7,2135.1530000000057,4.1304851935425155,51692.546999999984,51692.54699999999,0.0,0.0,0.0002022999688051641,0.004739500000141561,0.08120680000865832
S8,Inflation / Low Margin,S8_Inst_023,13,43057.79,2015.9259999999995,4.911877296801138,41041.864,41041.864,0.0,0.0,0.00011180003639310598,0.0019963000086136162,0.03197740000905469
S8,Inflation / Low Margin,S8_Inst_024,14,51039.64999999999,1842.9059999999808,3.7459918079131023,49196.744,49196.744000000006,0.0,0.0,0.00011789996642619371,0.0016867999802343547,0.017051400034688413
S8,Inflation / Low Margin,S8_Inst_025,13,47461.69,2016.254000000008,4.436647939740325,45445.43600000001,45445.435999999994,0.0,0.0,0.00011549994815140963,0.00220470002386719,0.027019599976483732
S8,Inflation / Low Margin,S8_Inst_026,19,43063.62,1857.6339999999982,4.5081653913098885,41205.986,41205.986000000004,0.0,0.0,0.0002686000079847872,0.009504300018306822,0.07453929999610409
S8,Inflation / Low Margin,S8_Inst_027,20,62220.31000000002,2784.500000000022,4.6848860981284215,59435.80999999998,59435.81,0.0,0.0,0.00017819995991885662,0.002914800017606467,0.02288950001820922
S8,Inflation / Low Margin,S8_Inst_028,17,41952.37,1165.1120000000083,2.85655878117624,40787.25800000001,40787.257999999994,0.0,0.0,0.00023710000095888972,0.0028842000174336135,0.027201800025068223
S8,Inflation / Low Margin,S8_Inst_029,20,61396.17,2583.360999999997,4.392514222539511,58812.809,58812.809,0.0,0.0,0.0002196999848820269,0.00579159997869283,0.04189860000042245
S8,Inflation / Low Margin,S8_Inst_030,14,48256.52000000001,2114.9780000000173,4.583674295063692,46141.54200000001,46141.541999999994,0.0,0.0,0.00013729999773204327,0.0026306999498046935,0.02713260002201423
S8,Inflation / Low Margin,S8_Inst_031,16,45061.45999999999,2026.09399999999,4.707974366942738,43035.366,43035.366,0.0,0.0,0.00013239996042102575,0.0033198000164702535,0.028576500015333295
S8,Inflation / Low Margin,S8_Inst_032,17,65436.4,3179.0610000000015,5.106323288247192,62257.338999999985,62257.339,0.0,0.0,0.00016039999900385737,0.0031581000075675547,0.1021519000059925
S8,Inflation / Low Margin,S8_Inst_033,11,44037.10000000001,1916.7370000000155,4.550618426531641,42120.363000000005,42120.363,0.0,0.0,0.0003094999701716006,0.005959000030998141,0.03988339996431023
S8,Inflation / Low Margin,S8_Inst_034,13,57417.77000000001,2630.696000000018,4.8016727449252325,54787.07400000001,54787.07399999999,0.0,0.0,0.00036209996324032545,0.0047553000040352345,0.025366000016219914
S8,Inflation / Low Margin,S8_Inst_035,15,39043.21,1425.1239999999962,3.7884011430033846,37618.085999999996,37618.086,0.0,0.0,0.0002775000175461173,0.004556200001388788,0.03445949999149889
S8,Inflation / Low Margin,S8_Inst_036,20,54605.05999999998,2179.917999999976,4.158153734709915,52425.142,52425.14200000001,0.0,0.0,0.00033579999580979347,0.0058741000248119235,0.029308500001206994
S8,Inflation / Low Margin,S8_Inst_037,11,22426.32,999.8910000000033,4.666624569124437,21426.42900000001,21426.428999999996,0.0,0.0,0.00021730002481490374,0.0050759000005200505,0.02670460002264008
S8,Inflation / Low Margin,S8_Inst_038,14,49833.090000000004,1902.0060000000085,3.9682098573026403,47931.084,47931.083999999995,0.0,0.0,0.00018660002388060093,0.00529669999377802,0.03581749997101724
S8,Inflation / Low Margin,S8_Inst_039,17,57357.509999999995,2423.4349999999977,4.4115332787527555,54934.075,54934.075,0.0,0.0,0.0003763000131584704,0.004083699954207987,0.04399360000388697
S8,Inflation / Low Margin,S8_Inst_040,15,41539.43999999999,1872.7459999999846,4.721205150093891,39666.694,39666.694,0.0,0.0,0.00012360000982880592,0.011612400005105883,0.03902669996023178
S8,Inflation / Low Margin,S8_Inst_041,15,41586.23,1941.9290000000037,4.898381232651835,39644.30099999999,39644.301,0.0,0.0,0.0008625999907962978,0.009523299988359213,0.03624709998257458
S8,Inflation / Low Margin,S8_Inst_042,20,68374.46999999999,3442.658999999985,5.301960544424034,64931.81100000002,64931.811,0.0,0.0,0.0005090999766252935,0.007618799980264157,0.08349859999725595
S8,Inflation / Low Margin,S8_Inst_043,18,44668.08000000001,2294.4930000000095,5.414913304365783,42373.58699999999,42373.587,0.0,0.0,0.0003111999831162393,0.010660699976142496,0.04073770000832155
S8,Inflation / Low Margin,S8_Inst_044,15,47275.080000000016,2380.3700000000244,5.3021168863770916,44894.710000000014,44894.70999999999,0.0,0.0,0.0001970999874174595,0.004971299960743636,0.03664870001375675
S8,Inflation / Low Margin,S8_Inst_045,13,39762.659999999996,1632.0689999999886,4.280209032165246,38130.591,38130.59100000001,0.0,0.0,0.0005048000020906329,0.008204799960367382,0.03257560002384707
S8,Inflation / Low Margin,S8_Inst_046,19,45567.50999999997,2198.0209999999715,5.068127503185411,43369.489,43369.489,0.0,0.0,0.00027060002321377397,0.00701979995938018,0.06562910001957789
S8,Inflation / Low Margin,S8_Inst_047,19,69801.18999999997,3048.2949999999837,4.566536028137782,66752.89500000002,66752.89499999999,0.0,0.0,0.0001613000058569014,0.002879599982406944,0.030545899993740022
S8,Inflation / Low Margin,S8_Inst_048,12,51528.37,2127.683000000012,4.306990710473343,49400.68699999999,49400.68699999999,0.0,0.0,0.00010420003673061728,0.011143499985337257,0.027207000006455928
S8,Inflation / Low Margin,S8_Inst_049,13,46537.62999999998,2248.8809999999867,5.077770428783136,44288.748999999996,44288.748999999996,0.0,0.0,0.00011299998732283711,0.0024839999969117343,0.04271109995897859
S8,Inflation / Low Margin,S8_Inst_050,10,31927.26999999999,1608.9929999999913,5.307006727328177,30318.277,30318.277,0.0,0.0,0.00011539994738996029,0.0021644000080414116,0.05365299998084083
S8,Inflation / Low Margin,S8_Inst_051,14,36757.77,1405.8889999999883,3.976843551832469,35351.881,35351.88100000001,0.0,0.0,0.00012609997065737844,0.0065663999994285405,0.035096800012979656
S8,Inflation / Low Margin,S8_Inst_052,13,47166,2364.783000000003,5.278390093733398,44801.217,44801.217,0.0,0.0,0.00023659999715164304,0.0028055000002495944,0.015640500001609325
S8,Inflation / Low Margin,S8_Inst_053,19,55998.030000000006,2169.8920000000144,4.031148170126217,53828.137999999984,53828.13799999999,0.0,0.0,0.00017460004892200232,0.0033970000222325325,0.05280409997794777
S8,Inflation / Low Margin,S8_Inst_054,10,31193.590000000004,1467.4120000000003,4.936430105478074,29726.178000000004,29726.178000000004,0.0,0.0,0.0002447000006213784,0.0033524000318720937,0.023115199990570545
S8,Inflation / Low Margin,S8_Inst_055,19,67422.28,2907.480000000003,4.5066868377488625,64514.80000000002,64514.799999999996,0.0,0.0,0.00016549997963011265,0.0031029999954625964,0.03293420001864433
S8,Inflation / Low Margin,S8_Inst_056,15,44050.12000000001,1942.5109999999986,4.613206605960453,42107.60900000001,42107.60900000001,0.0,0.0,0.00012740003876388073,0.0024759999942034483,0.05031660001259297
S8,Inflation / Low Margin,S8_Inst_057,19,57848.10999999998,2701.627999999975,4.899003348935251,55146.481999999996,55146.482,0.0,0.0,0.001967800024431199,0.009750900033395737,0.06324849999509752
S8,Inflation / Low Margin,S8_Inst_058,12,39406.76999999999,1692.8919999999853,4.488777314281987,37713.878,37713.878000000004,0.0,0.0,0.00017740001203492284,0.0028353999950923026,0.02789249998750165
S8,Inflation / Low Margin,S8_Inst_059,20,78276.63000000002,3423.2340000000113,4.5732514260274995,74853.39600000001,74853.39600000001,0.0,0.0,0.00021410000044852495,0.004945399996358901,0.03963100002147257
S8,Inflation / Low Margin,S8_Inst_060,16,51719.57000000001,1852.3050000000076,3.7144708056477684,49867.26499999999,49867.265,0.0,0.0,0.0011835999903269112,0.008515399997122586,0.050150200026109815
S8,Inflation / Low Margin,S8_Inst_061,17,58607.11,2135.714000000007,3.7819394441745473,56471.39599999998,56471.39599999999,0.0,0.0,0.00024669995764270425,0.003098200017120689,0.03496160003123805
S8,Inflation / Low Margin,S8_Inst_062,15,52736.23,2234.583000000006,4.4247725227654575,50501.647,50501.647,0.0,0.0,0.0007523999665863812,0.01188840001123026,0.03757639997638762
S8,Inflation / Low Margin,S8_Inst_063,12,27784.250000000004,1144.0980000000018,4.294637658223579,26640.152,26640.152000000002,0.0,0.0,0.00011449999874457717,0.0027194999856874347,0.032661200035363436
S8,Inflation / Low Margin,S8_Inst_064,11,38350.46,1398.8659999999945,3.7856716005268796,36951.59399999999,36951.594000000005,0.0,0.0,0.0011272999690845609,0.007214799989014864,0.020556600007694215
S8,Inflation / Low Margin,S8_Inst_065,10,30321.790000000008,1336.7860000000073,4.611991773401195,28985.003999999997,28985.004,0.0,0.0,0.0001324999611824751,0.0019398999866098166,0.056116299994755536
S8,Inflation / Low Margin,S8_Inst_066,11,38609.18,1558.9919999999984,4.207784316775932,37050.18800000001,37050.188,0.0,0.0,0.00026819994673132896,0.0027567000361159444,0.03914529999019578
S8,Inflation / Low Margin,S8_Inst_067,18,63800.29,2579.021000000008,4.212622577294189,61221.26900000001,61221.26899999999,0.0,0.0,0.00024010002380236983,0.003786000015679747,0.03779920004308224
S8,Inflation / Low Margin,S8_Inst_068,17,44569.949999999975,1962.707999999977,4.606512667494359,42607.24199999998,42607.242,0.0,0.0,0.0002109999768435955,0.00396030000410974,0.05520460003754124
S8,Inflation / Low Margin,S8_Inst_069,11,39474.82,2258.216999999997,6.067767657354425,37216.603,37216.603,0.0,0.0,0.0001629000180400908,0.006048200011719018,0.05190169997513294
S8,Inflation / Low Margin,S8_Inst_070,20,58492.28999999999,2306.524999999987,4.105176818363133,56185.765,56185.76500000001,0.0,0.0,0.00024500000290572643,0.012243199977092445,0.06867179996334016
S8,Inflation / Low Margin,S8_Inst_071,20,58208.889999999985,2510.9049999999843,4.508071521797394,55697.98499999999,55697.985,0.0,0.0,0.00026210001669824123,0.0031749000190757215,0.06745470000896603
S8,Inflation / Low Margin,S8_Inst_072,10,43115.72,2214.273000000001,5.413678885248243,40901.447,40901.447,0.0,0.0,0.00014790002023801208,0.009972899977583438,0.025761099997907877
S8,Inflation / Low Margin,S8_Inst_073,15,35639.16000000001,1685.0230000000156,4.9626441691037995,33954.13700000001,33954.136999999995,0.0,0.0,0.00012769998284056783,0.002576800005044788,0.05062769999494776
S8,Inflation / Low Margin,S8_Inst_074,12,47406.049999999996,2223.1819999999934,4.920409213509849,45182.867999999995,45182.868,0.0,0.0,0.0008495000074617565,0.006336100050248206,0.018966500007081777
S8,Inflation / Low Margin,S8_Inst_075,12,34230.8,1496.4100000000035,4.5713697429523,32734.390000000003,32734.39,0.0,0.0,0.0012630000128410757,0.0030174999847076833,0.031030200014356524
S8,Inflation / Low Margin,S8_Inst_076,17,43941.91,1806.7160000000003,4.287902412410871,42135.19400000002,42135.194,0.0,0.0,0.00017590000061318278,0.0039373000035993755,0.058488700015004724
S8,Inflation / Low Margin,S8_Inst_077,19,53994.51999999999,2211.3629999999903,4.270429089520344,51783.15700000001,51783.157,0.0,0.0,0.0002571000368334353,0.004258600005414337,0.05782359995646402
S8,Inflation / Low Margin,S8_Inst_078,19,54430.33,2486.5250000000015,4.786951976275134,51943.80499999999,51943.805,0.0,0.0,0.00021520000882446766,0.012636200000997633,0.06968069996219128
S8,Inflation / Low Margin,S8_Inst_079,17,41233.099999999984,1497.9979999999778,3.769961380745864,39735.102000000006,39735.102000000006,0.0,0.0,0.0008873000042513013,0.004289399948902428,0.02773700002580881
S8,Inflation / Low Margin,S8_Inst_080,14,35563.78,1603.5389999999898,4.721812781010563,33960.240999999995,33960.24100000001,0.0,0.0,0.00012059998698532581,0.005517900048289448,0.0360029999865219
S8,Inflation / Low Margin,S8_Inst_081,11,37878.77,2058.440999999999,5.746572009430731,35820.329000000005,35820.329,0.0,0.0,0.00014299998292699456,0.008719600038602948,0.03828719997545704
S8,Inflation / Low Margin,S8_Inst_082,16,60327.82,2220.786,3.8218884137159717,58107.034,58107.034,0.0,0.0,0.00040380004793405533,0.01204979995964095,0.04705739999189973
S8,Inflation / Low Margin,S8_Inst_083,20,63708.82000000001,2754.6450000000114,4.51920643663869,60954.175,60954.174999999996,0.0,0.0,0.00023289996897801757,0.023059200029820204,0.09419129998423159
S8,Inflation / Low Margin,S8_Inst_084,19,62947.50999999998,1984.0429999999833,3.254478620777889,60963.46699999998,60963.467,0.0,0.0,0.0003829000052064657,0.005968300043605268,0.05415010004071519
S8,Inflation / Low Margin,S8_Inst_085,11,28572.230000000007,1331.6230000000032,4.888374917636758,27240.606999999996,27240.607000000004,0.0,0.0,0.0010937000042758882,0.01343680004356429,0.02343909995397553
S8,Inflation / Low Margin,S8_Inst_086,18,63005.71,2822.8559999999998,4.690465493710218,60182.854,60182.854,0.0,0.0,0.0001732000382617116,0.005504000000655651,0.07868979999329895
S8,Inflation / Low Margin,S8_Inst_087,14,56072.67999999999,2683.8649999999907,5.027017363093732,53388.815,53388.815,0.0,0.0,0.00032460002694278955,0.005266299995128065,0.04119719995651394
S8,Inflation / Low Margin,S8_Inst_088,18,65510.61000000001,2989.945000000007,4.782330770154167,62520.66499999999,62520.665,0.0,0.0,0.0004411999834701419,0.006307100004050881,0.07728859997587278
S8,Inflation / Low Margin,S8_Inst_089,13,44649,2012.1540000000023,4.719284348565563,42636.846,42636.846,0.0,0.0,0.0005713999853469431,0.00586119998479262,0.029046400042716414
S8,Inflation / Low Margin,S8_Inst_090,12,37177.560000000005,1807.533000000003,5.110352333064385,35370.02700000001,35370.027,0.0,0.0,9.950000094249845e-05,0.002634699980262667,0.028760200017131865
S8,Inflation / Low Margin,S8_Inst_091,12,36335.48000000001,1387.2390000000087,3.9694100770336584,34948.241,34948.241,0.0,0.0,0.0001246000174432993,0.001665899995714426,0.043367100006435066
S8,Inflation / Low Margin,S8_Inst_092,13,31764.629999999997,1355.5250000000015,4.4576287266593395,30409.104999999996,30409.104999999996,0.0,0.0,0.00030719995265826583,0.005350799998268485,0.06056930002523586
S8,Inflation / Low Margin,S8_Inst_093,11,35337.479999999996,1439.4579999999987,4.246436561991726,33898.022000000004,33898.022,0.0,0.0,0.00010079995263367891,0.0018745000124908984,0.019122599973343313
S8,Inflation / Low Margin,S8_Inst_094,13,52195.780000000006,2075.324999999997,4.1406747005788285,50120.454999999994,50120.45500000001,0.0,0.0,0.0001317000132985413,0.0020662000169977546,0.02473509998526424
S8,Inflation / Low Margin,S8_Inst_095,11,39935.26,1732.6870000000054,4.535524348058979,38202.573,38202.573,0.0,0.0,0.0007116000051610172,0.010372200049459934,0.034716400026809424
S8,Inflation / Low Margin,S8_Inst_096,20,57839.639999999985,2411.9199999999837,4.351468904006847,55427.719999999994,55427.72,0.0,0.0,0.0005387999699451029,0.012226999970152974,0.10040350002236664
S8,Inflation / Low Margin,S8_Inst_097,14,43761.95999999999,1831.1799999999857,4.3671498598403975,41930.77999999999,41930.780000000006,0.0,0.0,0.00016410002717748284,0.003842199977952987,0.038258699991274625
S8,Inflation / Low Margin,S8_Inst_098,19,72110.94,3233.3000000000175,4.694266528295711,68877.64000000003,68877.63999999998,0.0,0.0,0.00017179996939375997,0.0031260999967344105,0.04033029999118298
S8,Inflation / Low Margin,S8_Inst_099,15,46139,1720.4690000000046,3.8733135951749613,44418.531,44418.530999999995,0.0,0.0,0.00039010000182315707,0.00472480000462383,0.041669400001410395
S8,Inflation / Low Margin,S8_Inst_100,20,76859.70999999998,3077.8679999999877,4.171579234901709,73781.84200000002,73781.84199999999,0.0,0.0,0.0002022999688051641,0.004733400011900812,0.04089509998448193
S9,Bullwhip Demand,S9_Inst_001,14,31666.69999999999,3262.681999999986,11.486691777198514,28404.01799999999,28404.018000000004,0.0,0.0,0.00022570003056898713,0.007606900006067008,0.06574250000994653
S9,Bullwhip Demand,S9_Inst_002,15,42431.59,4628.104999999996,12.24253531122857,37803.48500000002,37803.485,0.0,0.0,0.00021510000806301832,0.0034795000101439655,0.08467670000391081
S9,Bullwhip Demand,S9_Inst_003,14,32156.80000000001,2798.4890000000087,9.532186643843403,29358.311000000005,29358.311,0.0,0.0,0.00011889997404068708,0.0018763000261969864,0.08788609999464825
S9,Bullwhip Demand,S9_Inst_004,19,44130.570000000014,4694.781000000017,11.904874021919575,39435.789000000004,39435.789,0.0,0.0,0.00020700000459328294,0.011958899965975434,0.09260259999427944
S9,Bullwhip Demand,S9_Inst_005,11,26468.010000000002,3563.1140000000014,15.556123895956572,22904.896,22904.896,0.0,0.0,0.0002474000211805105,0.004233700048644096,0.061388199974317104
S9,Bullwhip Demand,S9_Inst_006,20,52977.28,5857.42300000001,12.430901477481163,47119.856999999996,47119.85699999999,0.0,0.0,0.00033519999124109745,0.014663200010545552,0.11803360003978014
S9,Bullwhip Demand,S9_Inst_007,14,35006.19,3884.5930000000008,12.481984777323607,31121.597,31121.597,0.0,0.0,0.00034770002821460366,0.00726430001668632,0.04469239996979013
S9,Bullwhip Demand,S9_Inst_008,16,39045.54000000001,4103.01200000001,11.742172747203664,34942.60799999999,34942.528,0.07999999999447027,0.00022894737322517216,0.00026840000646188855,0.004553499980829656,0.05668880004668608
S9,Bullwhip Demand,S9_Inst_009,19,48872.34000000001,5668.3680000000095,13.120015909648327,43203.97200000001,43203.972,0.0,0.0,0.00026489997981116176,0.007733000034932047,0.08877620002022013
S9,Bullwhip Demand,S9_Inst_010,20,57544.090000000004,7437.546999999999,14.843464654905445,50106.586,50106.543000000005,0.04299999999784632,8.581713569392786e-05,0.00035390001721680164,0.006839799985755235,0.07662020000861958
S9,Bullwhip Demand,S9_Inst_011,14,34146.87999999999,3659.1929999999847,12.002199445303884,30487.687,30487.687000000005,0.0,0.0,0.00035579997347667813,0.006874800019431859,0.06658759998390451
S9,Bullwhip Demand,S9_Inst_012,18,53685.86,6070.179000000004,12.748277190449095,47616.149000000005,47615.681,0.46800000000803266,0.000982869487906794,0.00041909998981282115,0.008739699958823621,0.058765600027982146
S9,Bullwhip Demand,S9_Inst_013,11,26516.81000000001,2952.4480000000076,12.529293175856013,23564.361999999997,23564.362,0.0,0.0,0.0001889999839477241,0.003307799983303994,0.06408229999942705
S9,Bullwhip Demand,S9_Inst_014,14,33574.350000000006,3469.6940000000104,11.525439785792639,30104.656,30104.655999999995,0.0,0.0,0.00016080000204965472,0.0028440000023692846,0.08533659996464849
S9,Bullwhip Demand,S9_Inst_015,18,44449.35000000001,5100.296000000009,12.961673741889726,39349.054000000004,39349.054000000004,0.0,0.0,0.00024969998048618436,0.00341220002155751,0.07010859996080399
S9,Bullwhip Demand,S9_Inst_016,17,35197,3503.4439999999995,11.054120907101744,31693.555999999997,31693.556,0.0,0.0,0.0002948999754153192,0.016252800007350743,0.06771019997540861
S9,Bullwhip Demand,S9_Inst_017,20,53556.38000000002,5637.321000000018,11.764256472565577,47919.058999999994,47919.059,0.0,0.0,0.0001897999900393188,0.0031382000306621194,0.10305299999890849
S9,Bullwhip Demand,S9_Inst_018,17,43558.34999999999,4995.011999999981,12.952748021968377,38563.337999999996,38563.33800000001,0.0,0.0,0.00029369996627792716,0.004824600007850677,0.0654037999920547
S9,Bullwhip Demand,S9_Inst_019,10,30760.050000000003,4169.531000000003,15.680517555900291,26590.518999999993,26590.519,0.0,0.0,0.0010633000056259334,0.004187399987131357,0.03724719997262582
S9,Bullwhip Demand,S9_Inst_020,10,26338.130000000005,3072.993000000002,13.208574701279439,23265.137000000006,23265.137000000002,0.0,0.0,0.001067599980160594,0.009929499996360391,0.024788399983663112
S9,Bullwhip Demand,S9_Inst_021,16,44716.52000000001,5759.099000000009,14.783060203086876,38957.421,38957.421,0.0,0.0,0.0011926000006496906,0.009500599990133196,0.08335879998048767
S9,Bullwhip Demand,S9_Inst_022,13,32878.939999999995,3693.3839999999946,12.654835152018329,29185.556,29185.556,0.0,0.0,0.00011160003487020731,0.0017654999974183738,0.07627859996864572
S9,Bullwhip Demand,S9_Inst_023,11,26545.33,2057.837000000003,8.403624658514463,24487.493,24487.493,0.0,0.0,9.450002107769251e-05,0.0020669000223279,0.02640089998021722
S9,Bullwhip Demand,S9_Inst_024,10,23477.059999999998,3217.9659999999967,15.884056809253149,20259.093999999994,20259.094,0.0,0.0,9.42000187933445e-05,0.0019087999826297164,0.042425199993886054
S9,Bullwhip Demand,S9_Inst_025,11,20795.100000000002,2450.761000000006,13.359767282974907,18344.339,18344.338999999996,0.0,0.0,0.00017799995839595795,0.004013800004031509,0.05128590000094846
S9,Bullwhip Demand,S9_Inst_026,17,48640.84000000001,6304.922000000006,14.892607265537517,42335.91799999998,42335.918000000005,0.0,0.0,0.0004811999970115721,0.006624600035138428,0.19289399997796863
S9,Bullwhip Demand,S9_Inst_027,11,20016.210000000003,2095.292000000005,11.691878730765943,17920.917999999998,17920.917999999998,0.0,0.0,0.00015700003132224083,0.002440400014165789,0.04402839997783303
S9,Bullwhip Demand,S9_Inst_028,11,32954.130000000005,4368.598000000013,15.2825492280501,28585.531999999996,28585.531999999992,0.0,0.0,0.0011056999792344868,0.006580199988093227,0.07100509997690096
S9,Bullwhip Demand,S9_Inst_029,15,43526.28,5648.185000000005,14.911481160813409,37878.095,37878.094999999994,0.0,0.0,0.0014794999733567238,0.0187527000089176,0.11927500000456348
S9,Bullwhip Demand,S9_Inst_030,10,18360.27,1993.3860000000022,12.179386131165849,16366.884000000002,16366.883999999998,0.0,0.0,0.0004634999786503613,0.014358000014908612,0.0563323000096716
S9,Bullwhip Demand,S9_Inst_031,10,27280.149999999998,3173.9039999999986,13.166313825885616,24106.246,24106.246,0.0,0.0,0.0002069000038318336,0.003084799973294139,0.03439649997744709
S9,Bullwhip Demand,S9_Inst_032,16,41489.82,4315.286,11.608177791818452,37174.534,37174.534,0.0,0.0,0.00013700005365535617,0.017910200054757297,0.07282709999708459
S9,Bullwhip Demand,S9_Inst_033,10,19818.45,2125.474000000002,12.01309491404952,17692.976,17692.976,0.0,0.0,0.00012420001439750195,0.0020938999950885773,0.046733399969525635
S9,Bullwhip Demand,S9_Inst_034,13,31918.28,3201.0380000000005,11.146745916616926,28717.242000000002,28717.242,0.0,0.0,0.0013546999543905258,0.00830139999743551,0.04848439997294918
S9,Bullwhip Demand,S9_Inst_035,19,52773.939999999995,6541.263999999996,14.148573186635346,46232.676,46232.676,0.0,0.0,0.0003339999821037054,0.0056717999977990985,0.11087519995635375
S9,Bullwhip Demand,S9_Inst_036,13,26813.489999999998,3470.0739999999932,14.865322196202957,23343.416,23343.416000000005,0.0,0.0,0.00013459997717291117,0.0020744000212289393,0.04871459997957572
S9,Bullwhip Demand,S9_Inst_037,16,35871.59000000001,4207.560000000012,13.288137991279104,31664.029999999995,31664.03,0.0,0.0,0.00014830002328380942,0.0023450999869965017,0.059350900002755225
S9,Bullwhip Demand,S9_Inst_038,11,26732.189999999995,2563.306999999997,10.605814923263095,24168.883000000005,24168.882999999998,0.0,0.0,0.00020970002515241504,0.003577800001949072,0.04843759996583685
S9,Bullwhip Demand,S9_Inst_039,18,46982.520000000004,5730.051000000007,13.89020133558553,41252.469,41252.469,0.0,0.0,0.00024310004664584994,0.014486699947156012,0.11375890002818778
S9,Bullwhip Demand,S9_Inst_040,17,43544.990000000005,5273.735000000008,13.779885190595417,38271.255000000005,38271.255,0.0,0.0,0.0001488000270910561,0.005685599986463785,0.09271029999945313
S9,Bullwhip Demand,S9_Inst_041,16,48087.86999999999,4914.924999999981,11.384270866858817,43172.945,43172.94500000001,0.0,0.0,0.0001344000338576734,0.0062358000432141125,0.07354579999810085
S9,Bullwhip Demand,S9_Inst_042,11,37064.29,4686.227999999999,14.473466633055429,32378.061999999994,32378.062,0.0,0.0,0.00012849998893216252,0.012407300004269928,0.05163779994472861
S9,Bullwhip Demand,S9_Inst_043,15,35448.25,3972.872000000003,12.622158183453758,31475.378000000004,31475.377999999997,0.0,0.0,0.000186299963388592,0.003489700029604137,0.06052329996600747
S9,Bullwhip Demand,S9_Inst_044,13,34051.27,4085.0389999999898,13.632141459498156,29966.231000000007,29966.231000000007,0.0,0.0,0.00026429997524246573,0.0022753000375814736,0.03449730004649609
S9,Bullwhip Demand,S9_Inst_045,12,33479.17,3777.775999999998,12.71918752365629,29701.394000000008,29701.394,0.0,0.0,0.00014750001719221473,0.003937899949960411,0.050733899988699704
S9,Bullwhip Demand,S9_Inst_046,18,36894.51,4256.603000000003,13.04189940856196,32637.90700000001,32637.907,0.0,0.0,0.0003985999501310289,0.005135299987159669,0.05953980004414916
S9,Bullwhip Demand,S9_Inst_047,19,51036.56,6334.590999999993,14.170720309881634,44701.96900000001,44701.969000000005,0.0,0.0,0.00028229999588802457,0.004749799962155521,0.05724440002813935
S9,Bullwhip Demand,S9_Inst_048,18,44142.990000000005,4740.607999999993,12.031272627121862,39402.38199999999,39402.38200000001,0.0,0.0,0.00017660000594332814,0.005200599960517138,0.062494700017850846
S9,Bullwhip Demand,S9_Inst_049,18,50611.630000000005,5387.982999999993,11.914083355550673,45223.64699999999,45223.64700000001,0.0,0.0,0.00014980003470554948,0.0026558999670669436,0.07654350000666454
S9,Bullwhip Demand,S9_Inst_050,14,36128.06,4401.727000000003,13.874049043108775,31726.333000000002,31726.332999999995,0.0,0.0,0.0001666999887675047,0.0035128999734297395,0.04450289998203516
S9,Bullwhip Demand,S9_Inst_051,18,52597.79000000001,6544.893000000011,14.211685749107186,46052.897,46052.897,0.0,0.0,0.00028989999555051327,0.012315300002228469,0.05013039999175817
S9,Bullwhip Demand,S9_Inst_052,17,39080.72,4964.292999999998,14.551034315521955,34116.42700000002,34116.427,0.0,0.0,0.00017310003750026226,0.006204199977219105,0.05559689999790862
S9,Bullwhip Demand,S9_Inst_053,20,52084.51000000002,5709.405000000021,12.311357569972124,46375.105,46375.104999999996,0.0,0.0,0.0002840000088326633,0.004515700042247772,0.1016492999624461
S9,Bullwhip Demand,S9_Inst_054,12,29705.709999999992,3602.7309999999925,13.801991719029436,26102.979000000003,26102.979,0.0,0.0,0.0002060999977402389,0.0029631999786943197,0.054544600017834455
S9,Bullwhip Demand,S9_Inst_055,17,34174.23000000001,4015.49600000001,13.314537672569445,30158.733999999993,30158.734,0.0,0.0,0.0002183000324293971,0.004121500009205192,0.07597339997300878
S9,Bullwhip Demand,S9_Inst_056,19,50888.060000000005,6575.042000000009,14.837721050730531,44313.01800000001,44313.018,0.0,0.0,0.00048589997459203005,0.004726700019091368,0.052917900029569864
S9,Bullwhip Demand,S9_Inst_057,16,36261.009999999995,5124.622999999989,16.458630861698847,31136.387,31136.387000000006,0.0,0.0,0.0016172999748960137,0.008882599999196827,0.06847140000900254
S9,Bullwhip Demand,S9_Inst_058,19,46343.749999999985,5021.790999999983,12.152838639620118,41321.958999999995,41321.959,0.0,0.0,0.0003598000039346516,0.009915799950249493,0.07217490003677085
S9,Bullwhip Demand,S9_Inst_059,10,25180.12,3217.7829999999994,14.651368841121048,21962.337,21962.337,0.0,0.0,0.0010714000090956688,0.008687099965754896,0.11392179998802021
S9,Bullwhip Demand,S9_Inst_060,20,46464.05000000002,4468.324000000022,10.63994940818507,41995.725999999995,41995.725999999995,0.0,0.0,0.001257800031453371,0.009245499968528748,0.06917089998023584
S9,Bullwhip Demand,S9_Inst_061,12,34078.68,4497.692000000003,15.204671324703567,29580.988,29580.987999999998,0.0,0.0,0.00010300002759322524,0.005606199963949621,0.04276179999578744
S9,Bullwhip Demand,S9_Inst_062,14,30328.94999999999,2950.447999999993,10.776513631023324,27378.502000000008,27378.501999999997,0.0,0.0,0.0019063999643549323,0.012384300003759563,0.03917249996447936
S9,Bullwhip Demand,S9_Inst_063,18,53785.77,5954.909000000007,12.449930600245745,47830.861000000004,47830.86099999999,0.0,0.0,0.0002041999832727015,0.006845199968665838,0.0790322000393644
S9,Bullwhip Demand,S9_Inst_064,10,31592.919999999995,3311.2459999999955,11.708097618266851,28281.673999999995,28281.674,0.0,0.0,0.0001756999990902841,0.0020576000097207725,0.029721300001256168
S9,Bullwhip Demand,S9_Inst_065,15,44516.04000000002,5869.00700000002,15.186177422727429,38647.291,38647.033,0.25799999999435386,0.0006675803547308635,0.0001395999570377171,0.0036484000156633556,0.07118530001025647
S9,Bullwhip Demand,S9_Inst_066,16,43180.75,5424.478999999999,14.367094144440268,37756.422999999995,37756.271,0.1519999999945867,0.0004025821299846764,0.0005379000212997198,0.009265300002880394,0.09272439999040216
S9,Bullwhip Demand,S9_Inst_067,13,31558.18,3134.635000000002,11.028304175288488,28423.545000000002,28423.545,0.0,0.0,0.0002144999452866614,0.00509819999570027,0.13001020002411678
S9,Bullwhip Demand,S9_Inst_068,15,29988.550000000003,3332.745999999999,12.502890552466543,26655.804,26655.804000000004,0.0,0.0,0.0015107999788597226,0.011396199988666922,0.11110679997364059
S9,Bullwhip Demand,S9_Inst_069,19,46503.04999999999,6457.819999999985,16.126315169122478,40045.23,40045.23,0.0,0.0,0.001865199999883771,0.015788800024893135,0.10530649998690933
S9,Bullwhip Demand,S9_Inst_070,14,33078.3,3661.2420000000056,12.445982871570658,29417.058000000008,29417.057999999997,0.0,0.0,0.00011710001854225993,0.0019082000362686813,0.03552249999484047
S9,Bullwhip Demand,S9_Inst_071,12,30521.460000000003,2980.5890000000036,10.822420975720062,27540.871,27540.871,0.0,0.0,0.00019760004943236709,0.00288609997369349,0.04303030000301078
S9,Bullwhip Demand,S9_Inst_072,16,36943.37000000001,3907.8090000000084,11.829098346475812,33035.560999999994,33035.561,0.0,0.0,0.00013529998250305653,0.004016900027636439,0.06584809999912977
S9,Bullwhip Demand,S9_Inst_073,12,27882.17,2909.8369999999995,11.652243304620356,24972.332999999995,24972.333,0.0,0.0,0.0001365999924018979,0.00964090001070872,0.047062700032256544
S9,Bullwhip Demand,S9_Inst_074,19,56746.38,6617.457999999991,13.200878327285775,50129.503999999986,50128.922000000006,0.5819999999803258,0.0011610064145810392,0.00017409998690709472,0.0035758999874815345,0.10384419996989891
S9,Bullwhip Demand,S9_Inst_075,12,26296.369999999995,2836.1699999999946,12.089283126316035,23460.199999999993,23460.2,0.0,0.0,0.0002722999779507518,0.0047349000233225524,0.04240220005158335
S9,Bullwhip Demand,S9_Inst_076,17,45289.64,5138.851000000002,12.798879244938382,40150.78899999999,40150.789,0.0,0.0,0.00032429996645078063,0.004116600030101836,0.0660358999739401
S9,Bullwhip Demand,S9_Inst_077,18,42194.22999999999,4623.8789999999935,12.307255260936993,37570.350999999995,37570.350999999995,0.0,0.0,0.00025560002541169524,0.01471089996630326,0.08127580001018941
S9,Bullwhip Demand,S9_Inst_078,20,49957.69000000001,5789.456000000013,13.10773711260453,44168.234,44168.234,0.0,0.0,0.000345999957062304,0.006726199993863702,0.051975500013213605
S9,Bullwhip Demand,S9_Inst_079,10,24236.92,3211.229999999996,15.27288759607887,21025.69,21025.690000000002,0.0,0.0,8.749996777623892e-05,0.001319600036367774,0.03874789999099448
S9,Bullwhip Demand,S9_Inst_080,14,35910.88,3872.4949999999953,12.08704808310405,32038.385000000002,32038.385000000002,0.0,0.0,0.00044210004853084683,0.006852900027297437,0.04063579998910427
S9,Bullwhip Demand,S9_Inst_081,11,27876.990000000005,2866.3610000000044,11.460571423453622,25010.628999999997,25010.629,0.0,0.0,9.710004087537527e-05,0.0013386000064201653,0.03108560002874583
S9,Bullwhip Demand,S9_Inst_082,10,28745.11999999999,3370.2029999999904,13.281631620706346,25374.916999999994,25374.917,0.0,0.0,0.0004085999680683017,0.007436000043526292,0.03195520001463592
S9,Bullwhip Demand,S9_Inst_083,16,44030.83000000001,5395.343000000008,13.964734028071158,38635.487,38635.487,0.0,0.0,0.00019230000907555223,0.009267200017347932,0.07635490002576262
S9,Bullwhip Demand,S9_Inst_084,13,30529.440000000002,3169.4900000000016,11.584414445201842,27359.949999999997,27359.95,0.0,0.0,0.00029529997846111655,0.00501240004086867,0.08549179998226464
S9,Bullwhip Demand,S9_Inst_085,20,42511.35999999999,4752.940999999999,12.587764863777798,37758.418999999994,37758.418999999994,0.0,0.0,0.001838600030168891,0.013327199965715408,0.05656340002315119
S9,Bullwhip Demand,S9_Inst_086,10,26889.94,2793.4140000000007,11.592600526731534,24096.526,24096.525999999998,0.0,0.0,9.419996058568358e-05,0.002349000016693026,0.04601529997307807
S9,Bullwhip Demand,S9_Inst_087,13,32824.719999999994,3806.0769999999975,13.115971687580283,29018.643,29018.642999999996,0.0,0.0,0.0001365999924018979,0.007369600003585219,0.05352439999114722
S9,Bullwhip Demand,S9_Inst_088,20,53595.140000000014,5261.823000000011,10.886534023725314,48333.537000000004,48333.317,0.22000000000116415,0.00045517256761244863,0.00033139996230602264,0.006466399994678795,0.07664919999660924
S9,Bullwhip Demand,S9_Inst_089,19,46159.26,5065.851000000002,12.327648455741413,41093.40899999998,41093.409,0.0,0.0,0.0007510000141337514,0.011380499985534698,0.09675599995534867
S9,Bullwhip Demand,S9_Inst_090,16,40396.03999999999,4613.682999999997,12.893736988874146,35782.356999999996,35782.356999999996,0.0,0.0,0.0003559999749995768,0.0035391999990679324,0.034597899997606874
S9,Bullwhip Demand,S9_Inst_091,12,34522.259999999995,3216.541000000001,10.274611485524424,31305.719000000005,31305.718999999994,0.0,0.0,0.00025779998395591974,0.004877300001680851,0.029032699996605515
S9,Bullwhip Demand,S9_Inst_092,16,48993.26000000001,5691.63900000001,13.144170745940459,43301.621000000014,43301.621,0.0,0.0,0.0001324999611824751,0.0029877000488340855,0.07585129997460172
S9,Bullwhip Demand,S9_Inst_093,11,25626,2918.193999999996,12.851060996381577,22707.806000000004,22707.806000000004,0.0,0.0,0.001730100018903613,0.0157554000033997,0.0906787000130862
S9,Bullwhip Demand,S9_Inst_094,10,26650.970000000005,3172.7890000000007,13.513776897792892,23478.255000000005,23478.181000000004,0.07400000000052387,0.00031518625740436986,9.159999899566174e-05,0.008219200011808425,0.03455889999167994
S9,Bullwhip Demand,S9_Inst_095,17,41384.869999999995,4777.396999999997,13.050332646560983,36607.47299999999,36607.473,0.0,0.0,0.0002004000125452876,0.004266600008122623,0.0650076000019908
S9,Bullwhip Demand,S9_Inst_096,15,35800.909999999996,4038.2749999999905,12.71391683970801,31762.635,31762.635000000006,0.0,0.0,0.00012360000982880592,0.005811800016090274,0.03556280001066625
S9,Bullwhip Demand,S9_Inst_097,11,23102.180000000008,2578.5110000000095,12.563596694138898,20523.668999999998,20523.668999999998,0.0,0.0,0.00017279997700825334,0.003304900019429624,0.02733099996112287
S9,Bullwhip Demand,S9_Inst_098,20,49287.69000000001,5197.658000000003,11.788737191209119,44090.032,44090.03200000001,0.0,0.0,0.0005822000093758106,0.009371599997393787,0.10142989997984841
S9,Bullwhip Demand,S9_Inst_099,16,34302.74999999999,4432.924999999988,14.840813429606595,29869.825000000004,29869.825000000004,0.0,0.0,0.0004317000275477767,0.009533000004012138,0.10798760002944618
S9,Bullwhip Demand,S9_Inst_100,17,57350.94000000001,6970.613000000005,13.835982049104215,50380.32700000001,50380.327000000005,0.0,0.0,0.00015320000238716602,0.008030599972698838,0.07907480001449585
S10,Unattainable Threshold,S10_Inst_001,12,25440.419999999995,0.0,0.0,25440.420000000002,25440.42,0.0,0.0,0.0005159999709576368,0.0013494000304490328,0.010570999991614372
S10,Unattainable Threshold,S10_Inst_002,18,44937.42,0.0,0.0,44937.42,44937.42,0.0,0.0,0.00019240000983700156,0.0009270000155083835,0.017962399986572564
S10,Unattainable Threshold,S10_Inst_003,11,21275.52,0.0,0.0,21275.52,21275.52,0.0,0.0,0.0002940000267699361,0.004237799963448197,0.010756000003311783
S10,Unattainable Threshold,S10_Inst_004,19,41442.640000000014,0.0,0.0,41442.64000000001,41442.64,0.0,0.0,0.0003436999977566302,0.0010717000113800168,0.01774519996251911
S10,Unattainable Threshold,S10_Inst_005,12,29357.539999999997,0.0,0.0,29357.539999999997,29357.54,0.0,0.0,0.0002601000014692545,0.0011359000345692039,0.011655399983283132
S10,Unattainable Threshold,S10_Inst_006,19,47030.38000000001,0.0,0.0,47030.380000000005,47030.380000000005,0.0,0.0,0.0002688000095076859,0.001142999972216785,0.02783470001304522
S10,Unattainable Threshold,S10_Inst_007,18,35572.32999999999,0.0,0.0,35572.33,35572.33,0.0,0.0,0.00025400001322850585,0.0014127999893389642,0.015107599960174412
S10,Unattainable Threshold,S10_Inst_008,20,42827.58,0.0,0.0,42827.58,42827.579999999994,0.0,0.0,0.0007892000139690936,0.00284019997343421,0.02869999996619299
S10,Unattainable Threshold,S10_Inst_009,17,31346,0.0,0.0,31346,31345.999999999996,0.0,0.0,0.0005842999671585858,0.001596699992660433,0.02455600001849234
S10,Unattainable Threshold,S10_Inst_010,15,35562.23999999999,0.0,0.0,35562.24,35562.24,0.0,0.0,0.000993099994957447,0.000819500011857599,0.017313599993940443
S10,Unattainable Threshold,S10_Inst_011,10,18457.46,0.0,0.0,18457.46,18457.460000000003,0.0,0.0,0.0006113999988883734,0.0012349000317044556,0.011378499970305711
S10,Unattainable Threshold,S10_Inst_012,14,27645.309999999994,0.0,0.0,27645.309999999994,27645.31,0.0,0.0,0.00016649998724460602,0.001107799995224923,0.013865199987776577
S10,Unattainable Threshold,S10_Inst_013,15,37393.75,0.0,0.0,37393.75000000001,37393.75,0.0,0.0,0.00036130001535639167,0.002141200006008148,0.0683897000271827
S10,Unattainable Threshold,S10_Inst_014,19,49892.99,0.0,0.0,49892.99,49892.990000000005,0.0,0.0,0.0007122000097297132,0.0021394999930635095,0.054768399975728244
S10,Unattainable Threshold,S10_Inst_015,16,36766.61000000001,0.0,0.0,36766.61000000001,36766.61,0.0,0.0,0.0006917999708093703,0.0023424000246450305,0.011465700052212924
S10,Unattainable Threshold,S10_Inst_016,11,20494.7,0.0,0.0,20494.7,20494.699999999997,0.0,0.0,0.00010040000779554248,0.0004308999632485211,0.006414800009224564
S10,Unattainable Threshold,S10_Inst_017,12,25817.059999999998,0.0,0.0,25817.06,25817.059999999998,0.0,0.0,0.0001564000267535448,0.0006526000215671957,0.0071288999752141535
S10,Unattainable Threshold,S10_Inst_018,14,32368.29,0.0,0.0,32368.29,32368.29,0.0,0.0,0.0001990000018849969,0.0009363000281155109,0.036270199983846396
S10,Unattainable Threshold,S10_Inst_019,13,29728.320000000003,0.0,0.0,29728.32,29728.32,0.0,0.0,0.0012369999894872308,0.005220899998676032,0.013874199998099357
S10,Unattainable Threshold,S10_Inst_020,11,28288.399999999998,0.0,0.0,28288.399999999994,28288.399999999998,0.0,0.0,0.0002161000156775117,0.0008997999830171466,0.014597899978980422
S10,Unattainable Threshold,S10_Inst_021,14,25732.579999999994,0.0,0.0,25732.579999999994,25732.580000000005,0.0,0.0,0.0003952999832108617,0.0015746999997645617,0.011692899977788329
S10,Unattainable Threshold,S10_Inst_022,14,25441.010000000006,0.0,0.0,25441.01,25441.01,0.0,0.0,0.00018800003454089165,0.0006346000009216368,0.009226299996953458
S10,Unattainable Threshold,S10_Inst_023,11,26611.250000000004,0.0,0.0,26611.25,26611.25,0.0,0.0,9.490002412348986e-05,0.0006253999890759587,0.010379699990153313
S10,Unattainable Threshold,S10_Inst_024,12,31670.670000000002,0.0,0.0,31670.670000000002,31670.67,0.0,0.0,0.00019999995129182935,0.0008588000200688839,0.013982600008603185
S10,Unattainable Threshold,S10_Inst_025,17,40254.69999999999,0.0,0.0,40254.7,40254.7,0.0,0.0,0.0003008000203408301,0.0012150999973528087,0.020502800005488098
S10,Unattainable Threshold,S10_Inst_026,20,39859.789999999986,0.0,0.0,39859.789999999986,39859.79000000001,0.0,0.0,0.00041640002746134996,0.0012744999839924276,0.014635699975769967
S10,Unattainable Threshold,S10_Inst_027,12,33687.590000000004,0.0,0.0,33687.590000000004,33687.590000000004,0.0,0.0,0.0002261999761685729,0.0009834999800659716,0.011185500014107674
S10,Unattainable Threshold,S10_Inst_028,17,38638.320000000014,0.0,0.0,38638.32000000001,38638.32,0.0,0.0,0.0004314000252634287,0.0028307000175118446,0.014237700030207634
S10,Unattainable Threshold,S10_Inst_029,10,17116.82,0.0,0.0,17116.819999999996,17116.82,0.0,0.0,0.00015919998986646533,0.0012799000251106918,0.01018300000578165
S10,Unattainable Threshold,S10_Inst_030,13,30428.4,0.0,0.0,30428.40000000001,30428.399999999998,0.0,0.0,0.00022170000011101365,0.0009672999731265008,0.015366600011475384
S10,Unattainable Threshold,S10_Inst_031,11,27725.370000000006,0.0,0.0,27725.370000000003,27725.370000000003,0.0,0.0,0.00019789999350905418,0.0008868000004440546,0.010856400011107326
S10,Unattainable Threshold,S10_Inst_032,13,27162.38,0.0,0.0,27162.38,27162.379999999997,0.0,0.0,0.0001373999984934926,0.0005207000067457557,0.011395599984098226
S10,Unattainable Threshold,S10_Inst_033,14,31438.829999999998,0.0,0.0,31438.829999999998,31438.83,0.0,0.0,0.00026810000417754054,0.001165799971204251,0.01809359999606386
S10,Unattainable Threshold,S10_Inst_034,14,40023.92,0.0,0.0,40023.920000000006,40023.92,0.0,0.0,0.00018019997514784336,0.0013988999999128282,0.013031999988015741
S10,Unattainable Threshold,S10_Inst_035,10,25623.090000000004,0.0,0.0,25623.090000000004,25623.09,0.0,0.0,0.0002470999606885016,0.0008082999847829342,0.009514400037005544
S10,Unattainable Threshold,S10_Inst_036,16,29020.66,0.0,0.0,29020.66,29020.660000000003,0.0,0.0,0.00024989998200908303,0.0010417000157758594,0.020617700007278472
S10,Unattainable Threshold,S10_Inst_037,15,33557.119999999995,0.0,0.0,33557.12000000001,33557.12,0.0,0.0,0.0012818000395782292,0.0012069999938830733,0.016976499988231808
S10,Unattainable Threshold,S10_Inst_038,17,41462.22000000001,0.0,0.0,41462.220000000016,41462.22,0.0,0.0,0.00031370000215247273,0.0015001000137999654,0.01652740000281483
S10,Unattainable Threshold,S10_Inst_039,11,21665.680000000008,0.0,0.0,21665.680000000004,21665.680000000004,0.0,0.0,0.00017439998919144273,0.0007425000076182187,0.00905100000090897
S10,Unattainable Threshold,S10_Inst_040,13,39802.88,0.0,0.0,39802.88,39802.880000000005,0.0,0.0,0.00023279996821656823,0.0019574000034481287,0.013214199978392571
S10,Unattainable Threshold,S10_Inst_041,12,22716.1,0.0,0.0,22716.099999999995,22716.1,0.0,0.0,0.0001357999863103032,0.0009477999992668629,0.019796900043729693
S10,Unattainable Threshold,S10_Inst_042,18,40055.729999999996,0.0,0.0,40055.72999999998,40055.729999999996,0.0,0.0,0.0002791999722830951,0.0010358000290580094,0.020608499995432794
S10,Unattainable Threshold,S10_Inst_043,11,22401.800000000003,0.0,0.0,22401.800000000003,22401.8,0.0,0.0,0.00018750003073364496,0.0006276000058278441,0.007511700037866831
S10,Unattainable Threshold,S10_Inst_044,20,48683.890000000014,0.0,0.0,48683.89,48683.89,0.0,0.0,0.0008738000178709626,0.0014211999950930476,0.0225497999927029
S10,Unattainable Threshold,S10_Inst_045,19,38065.74,0.0,0.0,38065.74,38065.74,0.0,0.0,0.00028279999969527125,0.0011965000303462148,0.014594899956136942
S10,Unattainable Threshold,S10_Inst_046,12,37448.07,0.0,0.0,37448.07,37448.07,0.0,0.0,0.00014749995898455381,0.0006547000375576317,0.011598799959756434
S10,Unattainable Threshold,S10_Inst_047,17,38325.2,0.0,0.0,38325.2,38325.200000000004,0.0,0.0,0.00026020000223070383,0.0012392000062391162,0.01830230001360178
S10,Unattainable Threshold,S10_Inst_048,16,34082.39999999999,0.0,0.0,34082.399999999994,34082.4,0.0,0.0,0.00029499997617676854,0.0014992000069469213,0.018661699956282973
S10,Unattainable Threshold,S10_Inst_049,20,50097.68999999999,0.0,0.0,50097.68999999999,50097.689999999995,0.0,0.0,0.00016380002489313483,0.0007370999664999545,0.01593490003142506
S10,Unattainable Threshold,S10_Inst_050,17,43088.21999999998,0.0,0.0,43088.219999999994,43088.22,0.0,0.0,0.0002620000159367919,0.0011541999992914498,0.015184500021860003
S10,Unattainable Threshold,S10_Inst_051,11,28817.159999999996,0.0,0.0,28817.159999999996,28817.16,0.0,0.0,0.0001382000045850873,0.0005153000238351524,0.015637199976481497
S10,Unattainable Threshold,S10_Inst_052,11,24866.39,0.0,0.0,24866.390000000003,24866.390000000003,0.0,0.0,0.0003102999762631953,0.0013729000347666442,0.014792000001762062
S10,Unattainable Threshold,S10_Inst_053,13,25657.56,0.0,0.0,25657.56,25657.559999999998,0.0,0.0,0.00020549999317154288,0.0008528000325895846,0.012811199994757771
S10,Unattainable Threshold,S10_Inst_054,11,26873.28,0.0,0.0,26873.28,26873.28,0.0,0.0,0.0002044999855570495,0.0007357000140473247,0.011460999958217144
S10,Unattainable Threshold,S10_Inst_055,19,41137.4,0.0,0.0,41137.399999999994,41137.4,0.0,0.0,0.00038110004970803857,0.0017874000477604568,0.01584750000620261
S10,Unattainable Threshold,S10_Inst_056,16,34193.38999999999,0.0,0.0,34193.38999999999,34193.39,0.0,0.0,0.000278900028206408,0.0012129999813623726,0.017843900015577674
S10,Unattainable Threshold,S10_Inst_057,16,40566.17999999999,0.0,0.0,40566.18,40566.17999999999,0.0,0.0,0.00027300004148855805,0.0013867999659851193,0.019393099995795637
S10,Unattainable Threshold,S10_Inst_058,16,31409.85,0.0,0.0,31409.85,31409.850000000002,0.0,0.0,0.00031189998844638467,0.0012314000050537288,0.013015199976507574
S10,Unattainable Threshold,S10_Inst_059,19,43876.530000000006,0.0,0.0,43876.530000000006,43876.53,0.0,0.0,0.000215600011870265,0.0008991999784484506,0.023226000019349158
S10,Unattainable Threshold,S10_Inst_060,14,28425.390000000007,0.0,0.0,28425.390000000007,28425.390000000003,0.0,0.0,0.00038430001586675644,0.0012818999821320176,0.013617099961265922
S10,Unattainable Threshold,S10_Inst_061,13,19422.879999999997,0.0,0.0,19422.88,19422.88,0.0,0.0,0.0004216000088490546,0.001257800031453371,0.01673769997432828
S10,Unattainable Threshold,S10_Inst_062,14,32331.340000000004,0.0,0.0,32331.340000000007,32331.339999999997,0.0,0.0,0.00018149998504668474,0.0007893000147305429,0.008988399989902973
S10,Unattainable Threshold,S10_Inst_063,11,18902.579999999998,0.0,0.0,18902.579999999994,18902.58,0.0,0.0,0.00013020000187680125,0.0005391999729909003,0.011711800005286932
S10,Unattainable Threshold,S10_Inst_064,17,36683.89000000001,0.0,0.0,36683.89000000001,36683.89,0.0,0.0,0.00034580001374706626,0.0017627999768592417,0.0193598999758251
S10,Unattainable Threshold,S10_Inst_065,20,44471.62,0.0,0.0,44471.62,44471.62,0.0,0.0,0.00024040002608671784,0.0011457999935373664,0.01750219997484237
S10,Unattainable Threshold,S10_Inst_066,20,42439.75,0.0,0.0,42439.74999999999,42439.75000000001,0.0,0.0,0.0006503000040538609,0.002209800004493445,0.01569470000686124
S10,Unattainable Threshold,S10_Inst_067,14,33971.56999999999,0.0,0.0,33971.56999999999,33971.57,0.0,0.0,0.00012389995390549302,0.000861800042912364,0.022709099983330816
S10,Unattainable Threshold,S10_Inst_068,10,18773,0.0,0.0,18773,18772.999999999996,0.0,0.0,0.00019210000755265355,0.0008307000389322639,0.010504200006835163
S10,Unattainable Threshold,S10_Inst_069,15,31937.039999999997,0.0,0.0,31937.039999999997,31937.04,0.0,0.0,0.00023830001009628177,0.0016138000064529479,0.012809399981051683
S10,Unattainable Threshold,S10_Inst_070,14,35250.850000000006,0.0,0.0,35250.850000000006,35250.85,0.0,0.0,0.0002832000027410686,0.0014005000120960176,0.014112100005149841
S10,Unattainable Threshold,S10_Inst_071,13,21682.51000000001,0.0,0.0,21682.510000000002,21682.510000000002,0.0,0.0,0.0005250000394880772,0.0013629999593831599,0.010647399991285056
S10,Unattainable Threshold,S10_Inst_072,14,42169.399999999994,0.0,0.0,42169.4,42169.399999999994,0.0,0.0,0.00018959998851642013,0.0008012999896891415,0.013719099981244653
S10,Unattainable Threshold,S10_Inst_073,13,34694.329999999994,0.0,0.0,34694.33,34694.33,0.0,0.0,0.00020269997185096145,0.0008882000111043453,0.01610220002476126
S10,Unattainable Threshold,S10_Inst_074,14,20980.050000000003,0.0,0.0,20980.050000000003,20980.050000000003,0.0,0.0,0.0002449999446980655,0.0012346000294201076,0.013499399996362627
S10,Unattainable Threshold,S10_Inst_075,18,45459.20999999999,0.0,0.0,45459.20999999999,45459.20999999999,0.0,0.0,0.00029129994800314307,0.0013000000035390258,0.016966500028502196
S10,Unattainable Threshold,S10_Inst_076,19,37535.66000000002,0.0,0.0,37535.66,37535.66,0.0,0.0,0.0002739999908953905,0.0013621000107377768,0.016212499991524965
S10,Unattainable Threshold,S10_Inst_077,17,32188.590000000004,0.0,0.0,32188.589999999997,32188.589999999997,0.0,0.0,0.0003538000164553523,0.0029717000434175134,0.018066400021780282
S10,Unattainable Threshold,S10_Inst_078,14,33273.21000000001,0.0,0.0,33273.21000000001,33273.21,0.0,0.0,0.00016709999181330204,0.0008017999934963882,0.017808300035540015
S10,Unattainable Threshold,S10_Inst_079,20,47301.23,0.0,0.0,47301.23,47301.23,0.0,0.0,0.00023589999182149768,0.0010325000039301813,0.020242200000211596
S10,Unattainable Threshold,S10_Inst_080,13,28207.969999999998,0.0,0.0,28207.969999999998,28207.97,0.0,0.0,0.0002452000044286251,0.0034840000444091856,0.011736499960534275
S10,Unattainable Threshold,S10_Inst_081,12,26090.540000000005,0.0,0.0,26090.54,26090.54,0.0,0.0,0.00030529999639838934,0.0007974999607540667,0.011421300005167723
S10,Unattainable Threshold,S10_Inst_082,17,34581.67999999999,0.0,0.0,34581.67999999999,34581.68,0.0,0.0,0.00029360002372413874,0.0013777000131085515,0.01687679998576641
S10,Unattainable Threshold,S10_Inst_083,15,39154.43,0.0,0.0,39154.42999999999,39154.43,0.0,0.0,0.00018919998547062278,0.0012963000335730612,0.013762400019913912
S10,Unattainable Threshold,S10_Inst_084,13,23259.750000000004,0.0,0.0,23259.750000000004,23259.75,0.0,0.0,0.00026290002278983593,0.001067299977876246,0.01659539999673143
S10,Unattainable Threshold,S10_Inst_085,16,35130.34000000001,0.0,0.0,35130.340000000004,35130.340000000004,0.0,0.0,0.0003698999644257128,0.000938100041821599,0.017507400014437735
S10,Unattainable Threshold,S10_Inst_086,19,47013.80999999999,0.0,0.0,47013.80999999999,47013.81,0.0,0.0,0.00023720000172033906,0.0008137000259011984,0.015561899985186756
S10,Unattainable Threshold,S10_Inst_087,11,26377.239999999998,0.0,0.0,26377.239999999998,26377.239999999998,0.0,0.0,0.00012829998740926385,0.0005825000116601586,0.00986910000210628
S10,Unattainable Threshold,S10_Inst_088,20,42242.409999999996,0.0,0.0,42242.409999999996,42242.409999999996,0.0,0.0,0.00031759997364133596,0.0013363999896682799,0.01853320002555847
S10,Unattainable Threshold,S10_Inst_089,17,41371.31999999999,0.0,0.0,41371.31999999999,41371.32000000001,0.0,0.0,0.00023329997202381492,0.0014589999918825924,0.01763730001403019
S10,Unattainable Threshold,S10_Inst_090,17,37092.750000000015,0.0,0.0,37092.75,37092.74999999999,0.0,0.0,0.00024159997701644897,0.0009312999900430441,0.02620799996657297
S10,Unattainable Threshold,S10_Inst_091,19,48427.34,0.0,0.0,48427.34,48427.34,0.0,0.0,0.00020599999697878957,0.0009545999928377569,0.017660899960901588
S10,Unattainable Threshold,S10_Inst_092,13,26473.97,0.0,0.0,26473.969999999994,26473.97,0.0,0.0,0.00017800001660361886,0.00092149997362867,0.01417600002605468
S10,Unattainable Threshold,S10_Inst_093,13,23603.420000000002,0.0,0.0,23603.420000000002,23603.420000000002,0.0,0.0,0.00021490000654011965,0.0010150999878533185,0.014590100036002696
S10,Unattainable Threshold,S10_Inst_094,18,41671.75000000001,0.0,0.0,41671.75000000001,41671.75,0.0,0.0,0.00019339995924383402,0.0008168999920599163,0.016314800013788044
S10,Unattainable Threshold,S10_Inst_095,10,26327.59,0.0,0.0,26327.59,26327.59,0.0,0.0,0.00018500001169741154,0.0007469999836757779,0.009879600023850799
S10,Unattainable Threshold,S10_Inst_096,16,39018.85999999999,0.0,0.0,39018.85999999999,39018.86,0.0,0.0,0.0002147999475710094,0.002168100036215037,0.012995900004170835
S10,Unattainable Threshold,S10_Inst_097,11,25326.800000000007,0.0,0.0,25326.80000000001,25326.8,0.0,0.0,0.00028300000121816993,0.0027818999951705337,0.011459700006525964
S10,Unattainable Threshold,S10_Inst_098,19,58682.020000000004,0.0,0.0,58682.02000000001,58682.020000000004,0.0,0.0,0.00020150002092123032,0.0008547999896109104,0.017861399974208325
S10,Unattainable Threshold,S10_Inst_099,12,26212.459999999995,0.0,0.0,26212.460000000003,26212.460000000003,0.0,0.0,0.0012243000091984868,0.0018990999669767916,0.008667099988088012
S10,Unattainable Threshold,S10_Inst_100,10,16319.439999999999,0.0,0.0,16319.439999999997,16319.439999999999,0.0,0.0,0.00011019996600225568,0.0004882999928668141,0.01028390001738444
